기준일,게시판,구분,제목,게시일,마감일,링크
2026-10-11,간호학과 · 학부 공지사항,마감 알림,2026년 제55기(동계) WFK PAS 청년봉사단 단원 모집 안내,2026-09-18,2026-10-12,https://home.knu.ac.kr/HOME/nurse/sub.htm?mode=view&mv_data=aWR4PTUwMDQmc3RhcnRQYWdlPTAmbGlzdE5vPTI3NzgmdGFibGU9ZXhfYmJzX2RhdGFfbnVyc2UmbmF2X2NvZGU9bnVyMTYyNDUzMzIwOSZjb2RlPUlLdkczWnFrM1R5UyZzZWFyY2hfaXRlbT0mc2VhcmNoX29yZGVyPSZvcmRlcl9saXN0PSZsaXN0X3NjYWxlPSZ2aWV3X2xldmVsPSZ2aWV3X2NhdGU9JnZpZXdfY2F0ZTI9
2026-10-11,경영학부 · 학부 공지사항,마감 알림,"[BI 및 핀테크 융합전공] 2026년 SW중심대학사업 재학생 대상 설문조사(~10/12,12:00)",2026-09-30,2026-10-12,https://home.knu.ac.kr/HOME/kbiz/sub.htm?mode=view&mv_data=aWR4PTU4NDkmc3RhcnRQYWdlPTAmbGlzdE5vPTE4MTEmdGFibGU9ZXhfYmJzX2RhdGFfa2JpeiZuYXZfY29kZT1rYmkxNjIzMzcwNTU3JmNvZGU9QTdKVEE0R3QwbE45JnNlYXJjaF9pdGVtPSZzZWFyY2hfb3JkZXI9Jm9yZGVyX2xpc3Q9Jmxpc3Rfc2NhbGU9JnZpZXdfbGV2ZWw9JnZpZXdfY2F0ZT0mdmlld19jYXRlMj0=
2026-10-11,국어교육과 · 공지사항,마감 알림,학생상담센터 2026학년도 하반기 대학원생 마음건강증진캠프 참가자 모집 안내,2026-09-30,2026-10-12,https://home.knu.ac.kr/HOME/koredu/sub.htm?mode=view&mv_data=aWR4PTI2OCZzdGFydFBhZ2U9MCZsaXN0Tm89MTcwJnRhYmxlPWV4X2Jic19kYXRhX2tvcmVkdSZuYXZfY29kZT1rb3IxNjIyNDU5Njk1JmNvZGU9cWtkZ08yWFBTN1l3JnNlYXJjaF9pdGVtPSZzZWFyY2hfb3JkZXI9Jm9yZGVyX2xpc3Q9Jmxpc3Rfc2NhbGU9JnZpZXdfbGV2ZWw9JnZpZXdfY2F0ZT0mdmlld19jYXRlMj0=
2026-10-11,로봇공학과 · 공지사항,마감 알림,[안내] 학생상담센터 2026학년도 하반기 대학원생 마음건강증진캠프 참가자 모집 안내,2026-10-01,2026-10-12,https://home.knu.ac.kr/HOME/robot/sub.htm?mode=view&mv_data=aWR4PTgwOCZzdGFydFBhZ2U9MTAmbGlzdE5vPTcxNSZ0YWJsZT1leF9iYnNfZGF0YV9yb2JvdCZuYXZfY29kZT1yb2IxNjIzNjMyMzA3JmNvZGU9MnJUODE4UGxYVDN0JnNlYXJjaF9pdGVtPSZzZWFyY2hfb3JkZXI9Jm9yZGVyX2xpc3Q9Jmxpc3Rfc2NhbGU9JnZpZXdfbGV2ZWw9JnZpZXdfY2F0ZT0mdmlld19jYXRlMj0=
2026-10-11,물리교육과 · 공지사항,마감 알림,학생상담센터 2026학년도 하반기 대학원생 마음건강증진캠프 참가자 모집 안내,2026-10-01,2026-10-12,https://home.knu.ac.kr/HOME/physed/sub.htm?mode=view&mv_data=aWR4PTUwMTkmc3RhcnRQYWdlPTAmbGlzdE5vPTQ3MDYmdGFibGU9ZXhfYmJzX2RhdGFfcGh5c2VkJm5hdl9jb2RlPXBoeTE2MjMzNzEzMTYmY29kZT1WanFOcTl2bDVYa20mc2VhcmNoX2l0ZW09JnNlYXJjaF9vcmRlcj0mb3JkZXJfbGlzdD0mbGlzdF9zY2FsZT0mdmlld19sZXZlbD0mdmlld19jYXRlPSZ2aWV3X2NhdGUyPQ==
2026-10-11,물리학과 · 공지사항,마감 알림,2026년 제55기(동계) WFK PAS 청년봉사단 단원 모집 안내,2026-09-18,2026-10-12,https://home.knu.ac.kr/HOME/physics/sub.htm?mode=view&mv_data=aWR4PTQ3MDMmc3RhcnRQYWdlPTEwJmxpc3RObz0zMDg5JnRhYmxlPWV4X2Jic19kYXRhX3BoeXNpY3MmbmF2X2NvZGU9cGh5MTY0NTU5MjE5NyZjb2RlPUtadERWUGlDQjdVcCZzZWFyY2hfaXRlbT0mc2VhcmNoX29yZGVyPSZvcmRlcl9saXN0PSZsaXN0X3NjYWxlPSZ2aWV3X2xldmVsPSZ2aWV3X2NhdGU9JnZpZXdfY2F0ZTI9
2026-10-11,사회학과 · 학부 공지사항,마감 알림,[글로벌교육센터]★추가접수★ 2026년 10월 외국어강좌 추가 접수 안내 (개강: 10월 1일),2026-09-30,2026-10-11,https://home.knu.ac.kr/HOME/socio/sub.htm?mode=view&mv_data=aWR4PTM5NDkmc3RhcnRQYWdlPTAmbGlzdE5vPTE3NjUmdGFibGU9ZXhfYmJzX2RhdGFfc29jaW8mbmF2X2NvZGU9c29jMTYyMjE4MTQ3NyZjb2RlPWNNRzFVVm91UFVlYyZzZWFyY2hfaXRlbT0mc2VhcmNoX29yZGVyPSZvcmRlcl9saXN0PSZsaXN0X3NjYWxlPSZ2aWV3X2xldmVsPSZ2aWV3X2NhdGU9JnZpZXdfY2F0ZTI9
2026-10-11,생물학과 · 공지사항,마감 알림,2026년 제55기(동계) WFK PAS 청년봉사단 단원 모집 안내,2026-09-18,2026-10-12,https://home.knu.ac.kr/HOME/bio/sub.htm?mode=view&mv_data=aWR4PTI0NzYmc3RhcnRQYWdlPTAmbGlzdE5vPTIxODcmdGFibGU9ZXhfYmJzX2RhdGFfYmlvJm5hdl9jb2RlPWJpbzE2MTYxMTcxNTEmY29kZT1qMURzOExuN0RweVMmc2VhcmNoX2l0ZW09JnNlYXJjaF9vcmRlcj0mb3JkZXJfbGlzdD0mbGlzdF9zY2FsZT0mdmlld19sZXZlbD0mdmlld19jYXRlPSZ2aWV3X2NhdGUyPQ==
2026-10-11,식품자원경제학과 · 공지사항,마감 알림,2026년 제55기(동계) WFK PAS 청년봉사단 단원 모집 안내,2026-09-18,2026-10-12,https://home.knu.ac.kr/HOME/knuagec/sub.htm?mode=view&mv_data=aWR4PTMyMjcmc3RhcnRQYWdlPTAmbGlzdE5vPTExMzcmdGFibGU9ZXhfYmJzX2RhdGFfa251YWdlYyZuYXZfY29kZT1rbnUxNjIzMTM0MTI2JmNvZGU9dEhrMzVOcElyZXM0JnNlYXJjaF9pdGVtPSZzZWFyY2hfb3JkZXI9Jm9yZGVyX2xpc3Q9Jmxpc3Rfc2NhbGU9JnZpZXdfbGV2ZWw9JnZpZXdfY2F0ZT0mdmlld19jYXRlMj0=
2026-10-11,의생명융합공학과 · 공지사항,마감 알림,[안내] 학생상담센터 2026학년도 하반기 대학원생 마음건강증진캠프 참가자 모집 안내(수정),2026-10-01,2026-10-12,https://home.knu.ac.kr/HOME/bcst2/sub.htm?mode=view&mv_data=aWR4PTgxOSZzdGFydFBhZ2U9MCZsaXN0Tm89NzA0JnRhYmxlPWV4X2Jic19kYXRhX2Jjc3QyJm5hdl9jb2RlPWJjczE2MTEwNjEyOTQmY29kZT1ub3RpY2Umc2VhcmNoX2l0ZW09JnNlYXJjaF9vcmRlcj0mb3JkZXJfbGlzdD0mbGlzdF9zY2FsZT0mdmlld19sZXZlbD0mdmlld19jYXRlPSZ2aWV3X2NhdGUyPSZzZWNyZXRfbW9kZT0w
2026-10-11,의학과 · 공지,마감 알림,(대학원) 학생상담센터 2026학년도 하반기 대학원생 마음건강증진캠프 참가자 모집 안내,2026-10-01,2026-10-12,http://med.knu.ac.kr/pages/sub.htm?mode=view&mv_data=aWR4PTI1OTMzJnN0YXJ0UGFnZT0wJmxpc3RObz0yODgzJnRhYmxlPWNzX2Jic19kYXRhJm5hdl9jb2RlPWtudTE2NzA1ODM3NDgmY29kZT1ub3RpY2UwMDEmc2VhcmNoX2l0ZW09JnNlYXJjaF9vcmRlcj0mb3JkZXJfbGlzdD0mbGlzdF9zY2FsZT0mdmlld19sZXZlbD0mdmlld19jYXRlPSZ2aWV3X2NhdGUyPQ==%7C%7C
2026-10-11,의학과 · 공지,마감 알림,2026년 제55기(동계) WFK PAS 청년봉사단 단원 모집 안내,2026-09-22,2026-10-12,http://med.knu.ac.kr/pages/sub.htm?mode=view&mv_data=aWR4PTI1OTIzJnN0YXJ0UGFnZT0xMCZsaXN0Tm89Mjg3NSZ0YWJsZT1jc19iYnNfZGF0YSZuYXZfY29kZT1rbnUxNjcwNTgzNzQ4JmNvZGU9bm90aWNlMDAxJnNlYXJjaF9pdGVtPSZzZWFyY2hfb3JkZXI9Jm9yZGVyX2xpc3Q9Jmxpc3Rfc2NhbGU9JnZpZXdfbGV2ZWw9JnZpZXdfY2F0ZT0mdmlld19jYXRlMj0=%7C%7C
2026-10-11,인공지능시스템학과 · 공지사항,마감 알림,2026년 제55기(동계) WFK PAS 청년봉사단 단원 모집 안내,2026-09-21,2026-10-12,https://aicollege.knu.ac.kr/bbs/board.php?bo_table=sub6_1_a&wr_id=29452
2026-10-11,자율전공학부 · 공지사항,마감 알림,[안내]2026년 제55기(동계) WFK PAS 청년봉사단 단원 모집 안내,2026-09-22,2026-10-12,https://home.knu.ac.kr/HOME/udm/sub.htm?mode=view&mv_data=aWR4PTE2MTkmc3RhcnRQYWdlPTEwJmxpc3RObz05MDcmdGFibGU9ZXhfYmJzX2RhdGFfdWRtJm5hdl9jb2RlPXVkbTE2MjMzNzE0MzImY29kZT13QmJLaFhZMWxGMEomc2VhcmNoX2l0ZW09JnNlYXJjaF9vcmRlcj0mb3JkZXJfbGlzdD0mbGlzdF9zY2FsZT0mdmlld19sZXZlbD0mdmlld19jYXRlPSZ2aWV3X2NhdGUyPQ==
2026-10-11,전기공학과 · 공지사항,마감 알림,2026년 제 55기(동계) WFK PAS 청년봉사단 단원 모집 안내,2026-09-21,2026-10-12,https://home.knu.ac.kr/HOME/electric/sub.htm?mode=view&mv_data=aWR4PTc0MDkmc3RhcnRQYWdlPTEwJmxpc3RObz0zMDQxJnRhYmxlPWV4X2Jic19kYXRhX2VsZWN0cmljJm5hdl9jb2RlPWVsZTE2MjI3ODcxOTgmY29kZT1xaDhpeHc3OThhblkmc2VhcmNoX2l0ZW09JnNlYXJjaF9vcmRlcj0mb3JkZXJfbGlzdD0mbGlzdF9zY2FsZT0mdmlld19sZXZlbD0mdmlld19jYXRlPSZ2aWV3X2NhdGUyPQ==
2026-10-11,컴퓨터학부 · 공지사항,마감 알림,2026년 제55기(동계) WFK PAS 청년봉사단 단원 모집 안내,2026-09-21,2026-10-12,https://aicollege.knu.ac.kr/bbs/board.php?bo_table=sub6_1_a&wr_id=29452
2026-10-11,한문학과 · 학부 공지사항,마감 알림,2026년 제55기(동계) WFK PAS 청년봉사단 단원 모집 안내(~10/12),2026-09-23,2026-10-12,https://home.knu.ac.kr/HOME/hanmun/sub.htm?mode=view&mv_data=aWR4PTczNTkmc3RhcnRQYWdlPTEwJmxpc3RObz0yOTUwJnRhYmxlPWV4X2Jic19kYXRhX2hhbm11biZuYXZfY29kZT1oYW4xNjI0MzYxNTQyJmNvZGU9Tkd6TUxqYmJYRDhTJnNlYXJjaF9pdGVtPSZzZWFyY2hfb3JkZXI9Jm9yZGVyX2xpc3Q9Jmxpc3Rfc2NhbGU9JnZpZXdfbGV2ZWw9JnZpZXdfY2F0ZT0mdmlld19jYXRlMj0=
2026-10-11,해양학전공 · 공지사항,마감 알림,[대학원]학생상담센터 2026학년도 하반기 대학원생 마음건강증진캠프 참가자 모집 안내,2026-10-01,2026-10-12,https://home.knu.ac.kr/HOME/ocean/sub.htm?mode=view&mv_data=aWR4PTE1ODcmc3RhcnRQYWdlPTAmbGlzdE5vPTExNzUmdGFibGU9ZXhfYmJzX2RhdGFfb2NlYW4mbmF2X2NvZGU9b2NlMTYyMzYzMjU5NyZjb2RlPVM5ZHZXMWxJYnl3SSZzZWFyY2hfaXRlbT0mc2VhcmNoX29yZGVyPSZvcmRlcl9saXN0PSZsaXN0X3NjYWxlPSZ2aWV3X2xldmVsPSZ2aWV3X2NhdGU9JnZpZXdfY2F0ZTI9
2026-10-11,행정학부 · 공지사항,마감 알림,[학사] 2026년 제55기(동계) WFK PAS 청년봉사단 단원 모집 안내,2026-09-21,2026-10-12,https://home.knu.ac.kr/HOME/puad/sub.htm?mode=view&mv_data=aWR4PTQwNDImc3RhcnRQYWdlPTEwJmxpc3RObz0yMDk3JnRhYmxlPWV4X2Jic19kYXRhX3B1YWQmbmF2X2NvZGU9cHVhMTYyMzAyOTUxOSZjb2RlPTlYdFQwbWc1SExpMyZzZWFyY2hfaXRlbT0mc2VhcmNoX29yZGVyPSZvcmRlcl9saXN0PSZsaXN0X3NjYWxlPSZ2aWV3X2xldmVsPSZ2aWV3X2NhdGU9JnZpZXdfY2F0ZTI9
2026-10-11,화학과 · 공지사항,마감 알림,학생상담센터 2026학년도 하반기 대학원생 마음건강증진캠프 참가자 모집 안내,2026-10-01,2026-10-12,https://home.knu.ac.kr/HOME/chem/sub.htm?mode=view&mv_data=aWR4PTcwNjUmc3RhcnRQYWdlPTEwJmxpc3RObz0zODc2JnRhYmxlPWV4X2Jic19kYXRhX2NoZW0mbmF2X2NvZGU9Y2hlMTYyMjUyMTA4MCZjb2RlPUwySG03a3c0WnZsTiZzZWFyY2hfaXRlbT0mc2VhcmNoX29yZGVyPSZvcmRlcl9saXN0PSZsaXN0X3NjYWxlPSZ2aWV3X2xldmVsPSZ2aWV3X2NhdGU9JnZpZXdfY2F0ZTI9
