"채널ID","채널명","유형","배정","분야","게시판주소","확인상태","수집대상","필수대상","필수학과ID","관련조직","연결학부","검토필요","검토이유","사용자코멘트","분류근거"
"knu-academic","학교 학사공지","공지","필수","학사","https://www.knu.ac.kr/wbbs/wbbs/bbs/btin/stdList.action?menu_idx=42","확인","예","모든 학과","","","","아니오","","","모든 신입생의 공통 필수 채널"
"meal-46","GP감꽃 식당","학식","선택","학식","https://coop.knu.ac.kr/sub03/sub01_01.html?shop_sqno=46","확인","예","없음","","","","아니오","","","사용자가 이용 식당 선택"
"notice-ddb70636c525","IT대학 · 게시판","공지","필수","일반","https://home.knu.ac.kr/HOME/it/sub.htm?nav_code=it1623310437","확인","예","IT 첨단자율학부 ; IT대학 자율학부 ; 멀티미디어및의공학전공 ; 반도체및디스플레이공학전공 ; 심화컴퓨팅전공 ; 인공지능및신호처리전공 ; 인공지능컴퓨팅전공 ; 전기공학과 ; 전자공학부 ; 전자공학부 모바일공학전공 ; 전자공학부 인공지능전공 ; 전자파및광전자공학전공 ; 정보통신공학전공 ; 지능시스템및제어공학전공 ; 첨단컴퓨팅연구전공 ; 컴퓨터학부 ; 회로및임베디드시스템공학전공","dept-computer ; dept-computer-2 ; dept-computer-3 ; dept-computer-4 ; dept-electric ; dept-it-advanced-undeclared ; dept-it-undeclared ; dept-see ; dept-see-2 ; dept-see-3 ; dept-see-4 ; dept-see-5 ; dept-see-6 ; dept-see-7 ; dept-see-8 ; dept-seeai ; dept-smobile","IT대학","","예","공지 대상 확인 필요","","조직 대표 공지: 필수 채널로 배정하되 개별 글의 학부생 대상 여부 확인 필요"
"notice-04f9a84e582c","IT대학 자율학부 · 학부 공지사항","공지","필수","학사","https://home.knu.ac.kr/HOME/it/sub.htm?nav_code=it1790050032","확인","예","IT 첨단자율학부 ; IT대학 자율학부","dept-it-advanced-undeclared ; dept-it-undeclared","IT대학 자율학부 ; IT 첨단자율학부","","아니오","","","학부생 대상 학사·학년 공지"
"notice-7537783c05b0","가정교육과 · 학부 공지사항","공지","필수","학사","https://home.knu.ac.kr/HOME/homeedu/sub.htm?nav_code=hom1622521250","확인","예","가정교육과","dept-homeedu","가정교육과","","아니오","","","학부생 대상 학사·학년 공지"
"notice-56d213db968e","간호학과 · 공지사항","공지","필수","일반","https://home.knu.ac.kr/HOME/nurse/sub.htm?nav_code=nur1624533185","확인","예","간호학과","dept-nurs","간호대학 ; 간호학과","","예","공지 대상 확인 필요","","조직 대표 공지: 필수 채널로 배정하되 개별 글의 학부생 대상 여부 확인 필요"
"notice-f5bf5684020e","간호학과 · 학부 공지사항","공지","필수","학사","https://home.knu.ac.kr/HOME/nurse/sub.htm?nav_code=nur1624533209","확인","예","간호학과","dept-nurs","간호대학 ; 간호학과","","아니오","","","학부생 대상 학사·학년 공지"
"notice-93ddd4d44cec","간호학과 · 학술대회 공지사항","공지","배정 검토","일반","https://home.knu.ac.kr/HOME/nurse/sub.htm?nav_code=nur1624533227","확인","예","없음","","간호대학 ; 간호학과","","예","공지 대상 확인 필요 ; 필수·선택 분류 확인 필요","","일반 공지의 대상·대표 게시판과의 중복 여부 확인 필요"
"missing-dept-health-exercise","건강운동관리전공 · 운영 여부 확인 필요","공지","배정 검토","일반","","주소 미확인","아니오","없음","","건강운동관리전공","","예","운영 여부 확인 필요 ; 사용자 메모: 없어진듯 ; 폐지 여부는 공식 근거 미확인 ; 독립 게시판 주소 미확인","없어진듯","사용자 확인 의견에 따라 자동 필수 배정을 보류. 공식 운영·모집 상태 확인 필요"
"notice-fd04b6b6208e","건설방재공학과 · 공지사항","공지","필수","일반","https://home.knu.ac.kr/HOME/disaster/sub.htm?nav_code=dis1616717237","확인","예","건설방재공학과","dept-disaster","건설방재공학과","","예","공지 대상 확인 필요","","조직 대표 공지: 필수 채널로 배정하되 개별 글의 학부생 대상 여부 확인 필요"
"notice-64c6743b5f41","건축학부 · 공지사항","공지","배정 검토","일반","https://home.knu.ac.kr/HOME/arch/sub.htm?nav_code=arc1623133855","확인","예","없음","","건축학부 ; 건축학전공 ; 건축공학전공","","예","공지 대상 확인 필요 ; 필수·선택 분류 확인 필요","","일반 공지의 대상·대표 게시판과의 중복 여부 확인 필요"
"notice-0158c1288046","건축학부 · 학년별공지사항","공지","필수","학사","https://home.knu.ac.kr/HOME/arch/sub.htm?nav_code=arc1623110358","확인","예","건축공학전공 ; 건축학부 ; 건축학전공","dept-arch ; dept-arch-2 ; dept-architecture","건축학부 ; 건축학전공 ; 건축공학전공","","아니오","","","학부생 대상 학사·학년 공지"
"notice-541aff0da509","경상대학 · 공지사항","공지","필수","일반","https://home.knu.ac.kr/HOME/CEBA/sub.htm?nav_code=CEB1748499674","확인","예","경상대학 자율학부 ; 경영학부 ; 경제통상학부","dept-biz ; dept-biz-2 ; dept-econ","경상대학","","예","공지 대상 확인 필요 ; 현재 빈 게시판","","조직 대표 공지: 필수 채널로 배정하되 개별 글의 학부생 대상 여부 확인 필요"
"notice-5557a9caed02","경상대학 · 공지사항","공지","배정 검토","일반","https://home.knu.ac.kr/HOME/CEBA/sub.htm?nav_code=CEB1748499907","확인","예","없음","","경상대학","","예","공지 대상 확인 필요 ; 필수·선택 분류 확인 필요","","일반 공지의 대상·대표 게시판과의 중복 여부 확인 필요"
"notice-78e12cb6bc22","경상대학 자율학부 · 공지사항","공지","필수","일반","https://home.knu.ac.kr/HOME/biz/sub.htm?nav_code=biz1623200446","확인","예","경상대학 자율학부","dept-biz-2","경상대학 자율학부","","예","공지 대상 확인 필요 ; 현재 빈 게시판","","조직 대표 공지: 필수 채널로 배정하되 개별 글의 학부생 대상 여부 확인 필요"
"notice-ca9401caf0a9","경영학부 · News & Notices","공지","배정 검토","일반","https://home.knu.ac.kr/HOME/kbiz/sub.htm?nav_code=kbi1624499127","확인","예","없음","","경영학부","","예","공지 대상 확인 필요 ; 필수·선택 분류 확인 필요","","일반 공지의 대상·대표 게시판과의 중복 여부 확인 필요"
"notice-a6afbe817dd2","경영학부 · 학부 공지사항","공지","필수","학사","https://home.knu.ac.kr/HOME/kbiz/sub.htm?nav_code=kbi1623370557","확인","예","경영학부","dept-biz","경영학부","","아니오","","","학부생 대상 학사·학년 공지"
"notice-8860bb9a4bc5","경제통상학부 · 학부 공지사항","공지","필수","학사","https://home.knu.ac.kr/HOME/econ/sub.htm?nav_code=eco1623370509","확인","예","경제통상학부","dept-econ","경제통상학부","","아니오","","","학부생 대상 학사·학년 공지"
"notice-a267229666ef","고고인류학과 · 학부공지","공지","필수","학사","https://home.knu.ac.kr/HOME/aran/sub.htm?nav_code=ara1623718660","확인","예","고고인류학과","dept-aran","고고인류학과","","아니오","","","학부생 대상 학사·학년 공지"
"notice-7ff56c3af3e0","고분자공학과 · 학사 공지사항","공지","필수","학사","https://home.knu.ac.kr/HOME/knupolymer/sub.htm?nav_code=knu1623888520","확인","예","고분자공학과","dept-polymer","고분자공학과","","아니오","","","학부생 대상 학사·학년 공지"
"notice-8d0ba20b8a78","곤충생명과학과 · 공지사항","공지","필수","일반","https://home.knu.ac.kr/HOME/ento/sub.htm?nav_code=ent1625131133","확인","예","곤충생명과학과","dept-ento","곤충생명과학과","","예","공지 대상 확인 필요","","조직 대표 공지: 필수 채널로 배정하되 개별 글의 학부생 대상 여부 확인 필요"
"notice-ab33c8b6f3d1","공과대학 자율학부 · 공지사항","공지","필수","일반","https://home.knu.ac.kr/HOME/engineer/sub.htm?nav_code=eng1729076802","확인","예","건축공학전공 ; 건축학부 ; 건축학전공 ; 고분자공학과 ; 공과대학 자율학부 ; 공학 첨단자율학부 ; 금속재료공학과 ; 기계공학부 ; 기계공학전공 ; 기계설계학전공 ; 로봇/자동화전공 ; 섬유시스템공학과 ; 신소재공학과 ; 신재생에너지전공 ; 에너지공학부 ; 에너지변환전공 ; 응용화학공학부 ; 토목공학과 ; 환경공학과","dept-arch ; dept-arch-2 ; dept-architecture ; dept-ce ; dept-civil ; dept-energy ; dept-energy-2 ; dept-energy-3 ; dept-engineer ; dept-engineer-2 ; dept-env ; dept-me ; dept-me-2 ; dept-me-3 ; dept-me-4 ; dept-metal ; dept-mse ; dept-polymer ; dept-textile-eng","공과대학 ; 공과대학 자율학부 ; 공학 첨단자율학부","","예","공지 대상 확인 필요","","조직 대표 공지: 필수 채널로 배정하되 개별 글의 학부생 대상 여부 확인 필요"
"meal-85","공학관 교직원 식당","학식","선택","학식","https://coop.knu.ac.kr/sub03/sub01_01.html?shop_sqno=85","확인됨","예","없음","","","","아니오","","","사용자가 이용 식당 선택"
"meal-86","공학관 학생 식당","학식","선택","학식","https://coop.knu.ac.kr/sub03/sub01_01.html?shop_sqno=86","확인됨","예","없음","","","","아니오","","","사용자가 이용 식당 선택"
"notice-cd772685aa0f","과학기술대학 · 공지사항","공지","필수","일반","https://home.knu.ac.kr/HOME/cst/sub.htm?nav_code=cst1614760898","확인","예","건설방재공학과 ; 나노신소재공학과 ; 섬유공학전공 ; 섬유패션디자인학부 ; 소프트웨어학과 ; 스마트플랜트공학과 ; 식품외식산업학과 ; 에너지화학공학과 ; 위치정보시스템학과 ; 자동차공학과 ; 정밀기계공학과 ; 치위생학과 ; 패션디자인전공 ; 환경안전공학과","dept-auto ; dept-dehy ; dept-disaster ; dept-ece ; dept-ffsi ; dept-knu-amse ; dept-lbis ; dept-pme ; dept-se ; dept-smartplant ; dept-style ; dept-textile ; dept-textile-fashion ; dept-ue","과학기술대학","","예","공지 대상 확인 필요","","조직 대표 공지: 필수 채널로 배정하되 개별 글의 학부생 대상 여부 확인 필요"
"notice-eaa2bcd13c4a","관광학과 · 공지사항","공지","필수","일반","https://home.knu.ac.kr/HOME/tour/sub.htm?nav_code=tou1616116950","확인","예","관광학과","dept-tour","관광학과","","예","공지 대상 확인 필요","","조직 대표 공지: 필수 채널로 배정하되 개별 글의 학부생 대상 여부 확인 필요"
"notice-75f6bbd99127","관광학과 · 브랜드 선도학과 공지사항","공지","배정 검토","일반","https://home.knu.ac.kr/HOME/tour/sub.htm?nav_code=tou1682985874","확인","예","없음","","관광학과","","예","공지 대상 확인 필요 ; 필수·선택 분류 확인 필요","","일반 공지의 대상·대표 게시판과의 중복 여부 확인 필요"
"notice-f3ba4290e5dd","국악학과 · 공지사항","공지","필수","일반","https://home.knu.ac.kr/HOME/kmusic/sub.htm?nav_code=kmu1622609949","확인","예","국악학과","dept-kmusic","국악학과","","예","공지 대상 확인 필요","","조직 대표 공지: 필수 채널로 배정하되 개별 글의 학부생 대상 여부 확인 필요"
"notice-ca78d3fd3c51","국어교육과 · 공지사항","공지","필수","일반","https://home.knu.ac.kr/HOME/koredu/sub.htm?nav_code=kor1622459695","확인","예","국어교육과","dept-koredu","국어교육과","","예","공지 대상 확인 필요","","조직 대표 공지: 필수 채널로 배정하되 개별 글의 학부생 대상 여부 확인 필요"
"notice-8c3e27be2ca5","국어국문학과 · 공지사항(일반)","공지","배정 검토","일반","https://home.knu.ac.kr/HOME/korean/sub.htm?nav_code=kor1697593823","확인","예","없음","","국어국문학과","","예","공지 대상 확인 필요 ; 필수·선택 분류 확인 필요","","일반 공지의 대상·대표 게시판과의 중복 여부 확인 필요"
"notice-6c1f8a512fa4","국어국문학과 · 공지사항(학사)","공지","필수","학사","https://home.knu.ac.kr/HOME/korean/sub.htm?nav_code=kor1657071357","확인","예","국어국문학과","dept-korean","국어국문학과","","아니오","","","학부생 대상 학사·학년 공지"
"missing-dept-global-undeclared","글로벌자율학부 · 운영 여부 확인 필요","공지","배정 검토","일반","","주소 미확인","아니오","없음","","글로벌자율학부","","예","운영 여부 확인 필요 ; 사용자 메모: 없어진듯 ; 폐지 여부는 공식 근거 미확인 ; 독립 게시판 주소 미확인","없어진듯","사용자 확인 의견에 따라 자동 필수 배정을 보류. 공식 운영·모집 상태 확인 필요"
"notice-b7eb69e8405d","금속재료공학과 · 공지사항","공지","필수","일반","https://home.knu.ac.kr/HOME/material/sub.htm?nav_code=mat1623632513","확인","예","금속재료공학과","dept-metal","금속재료공학과","","예","공지 대상 확인 필요","","조직 대표 공지: 필수 채널로 배정하되 개별 글의 학부생 대상 여부 확인 필요"
"notice-74a3f719131b","기계공학부 · 학부 공지사항","공지","필수","학사","https://home.knu.ac.kr/HOME/me/sub.htm?nav_code=me1623370438","확인","예","기계공학부 ; 기계공학전공 ; 기계설계학전공 ; 로봇/자동화전공","dept-me ; dept-me-2 ; dept-me-3 ; dept-me-4","기계공학부 ; 기계공학전공 ; 기계설계학전공 ; 로봇/자동화전공","","아니오","","","학부생 대상 학사·학년 공지"
"notice-61c2fdac4b03","나노신소재공학과 · 공지사항","공지","필수","일반","https://home.knu.ac.kr/HOME/amse/sub.htm?nav_code=ams1622609715","확인","예","나노신소재공학과","dept-knu-amse","나노신소재공학과","","예","공지 대상 확인 필요","","조직 대표 공지: 필수 채널로 배정하되 개별 글의 학부생 대상 여부 확인 필요"
"notice-86ea1296bfee","노어노문학과 · 공지사항","공지","배정 검토","일반","https://home.knu.ac.kr/HOME/knurussian/sub.htm?nav_code=knu1742774850","확인","예","없음","","노어노문학과","","예","공지 대상 확인 필요 ; 필수·선택 분류 확인 필요","","일반 공지의 대상·대표 게시판과의 중복 여부 확인 필요"
"notice-2fdcd3cab366","노어노문학과 · 학부 공지사항","공지","필수","학사","https://home.knu.ac.kr/HOME/knurussian/sub.htm?nav_code=knu1742773842","확인","예","노어노문학과","dept-knurussian","노어노문학과","","아니오","","","학부생 대상 학사·학년 공지"
"notice-dc7fc6a93fe8","농산업학과 · 공지사항","공지","필수","일반","https://home.knu.ac.kr/HOME/aifm/sub.htm?nav_code=aif1623029616","확인","예","농산업학과","dept-aifm","농산업학과","","예","공지 대상 확인 필요","","조직 대표 공지: 필수 채널로 배정하되 개별 글의 학부생 대상 여부 확인 필요"
"notice-e3a4a5455384","농업생명과학대학 · 공지사항","공지","필수","일반","https://home.knu.ac.kr/HOME/cals/sub.htm?nav_code=cal1623200331","확인","예","농산업학과 ; 농업생명과학대학 자율학부 ; 농업토목공학과 ; 바이오섬유소재학과 ; 산림과학·조경학부 ; 스마트생물산업기계공학과 ; 식물생명과학전공 ; 식물의학과 ; 식품공학부 ; 식품생물공학전공 ; 식품소재공학전공 ; 식품응용공학전공 ; 식품자원경제학과 ; 원예과학과 ; 응용생명과학부 ; 임산공학전공 ; 임학전공 ; 조경학전공 ; 환경생명화학전공","dept-abs ; dept-acen ; dept-agriculture-undeclared ; dept-aifm ; dept-bime ; dept-biofiber ; dept-foodbio ; dept-foodbio-2 ; dept-foodbiotechnology ; dept-foodbm ; dept-forest-landscape ; dept-forestry ; dept-frecon ; dept-horti ; dept-kac ; dept-land ; dept-pbs ; dept-plantmed ; dept-wood","농업생명과학대학","","예","공지 대상 확인 필요","","조직 대표 공지: 필수 채널로 배정하되 개별 글의 학부생 대상 여부 확인 필요"
"missing-dept-agriculture-undeclared","농업생명과학대학 자율학부 · 운영 여부 확인 필요","공지","배정 검토","일반","","주소 미확인","아니오","없음","","농업생명과학대학 자율학부","","예","운영 여부 확인 필요 ; 사용자 메모: 없어진듯 ; 폐지 여부는 공식 근거 미확인 ; 독립 게시판 주소 미확인","없어진듯","사용자 확인 의견에 따라 자동 필수 배정을 보류. 공식 운영·모집 상태 확인 필요"
"notice-12a353fc2eb8","농업토목공학과 · 공지사항","공지","필수","일반","https://home.knu.ac.kr/HOME/acen/sub.htm?nav_code=ace1622521462","확인","예","농업토목공학과","dept-acen","농업토목공학과","","예","공지 대상 확인 필요","","조직 대표 공지: 필수 채널로 배정하되 개별 글의 학부생 대상 여부 확인 필요"
"notice-683cb3e528ee","독어교육전공 · 공지사항","공지","필수","일반","https://home.knu.ac.kr/HOME/geredu/sub.htm?nav_code=ger1622609973","확인","예","독어교육전공","dept-geredu","독어교육전공","유럽어교육학부","예","공지 대상 확인 필요 ; 학부 공통 공지가 아닌 전공별 게시판. 학부 선택 후 전공을 지정","유럽어교육학부: 사용자가 학부 연결 주소로 제공. 실제 게시판은 전공별 운영","조직 대표 공지: 필수 채널로 배정하되 개별 글의 학부생 대상 여부 확인 필요"
"notice-0ef73fec9014","독어독문학과 · 공지사항","공지","필수","일반","https://home.knu.ac.kr/HOME/german/sub.htm?nav_code=ger1623133982","확인","예","독어독문학과","dept-german","독어독문학과","","예","공지 대상 확인 필요","","조직 대표 공지: 필수 채널로 배정하되 개별 글의 학부생 대상 여부 확인 필요"
"notice-065a32f34307","독어독문학과 · 취업정보","공지","배정 검토","취업·진로","https://home.knu.ac.kr/HOME/german/sub.htm?nav_code=ger1623203325","추가 확인 필요","아니오","없음","","독어독문학과","","예","게시판 확인 필요 ; 필수·선택 분류 확인 필요","","목록 게시판으로 확인되지 않은 후보 링크. 소개 페이지일 수 있음"
"notice-d42e73c1be80","독어독문학과 · 학사공지","공지","필수","학사","https://home.knu.ac.kr/HOME/german/sub.htm?nav_code=ger1623203350","확인","예","독어독문학과","dept-german","독어독문학과","","아니오","","","학부생 대상 학사·학년 공지"
"notice-d2dabe18112e","독어독문학과 · 학생회","공지","배정 검토","활동","https://home.knu.ac.kr/HOME/german/sub.htm?nav_code=ger1623203472","추가 확인 필요","아니오","없음","","독어독문학과","","예","게시판 확인 필요 ; 필수·선택 분류 확인 필요","","목록 게시판으로 확인되지 않은 후보 링크. 소개 페이지일 수 있음"
"notice-167e5c71dcb2","동물생명공학과 · 공지사항","공지","배정 검토","일반","https://home.knu.ac.kr/HOME/anibiotech/sub.htm?nav_code=ani1622521277","확인","예","없음","","동물생명공학과","","예","공지 대상 확인 필요 ; 필수·선택 분류 확인 필요","","일반 공지의 대상·대표 게시판과의 중복 여부 확인 필요"
"notice-30f51dd33791","동물생명공학과 · 공지사항","공지","필수","일반","https://home.knu.ac.kr/HOME/anibiotech/sub.htm?nav_code=ani1622629991","확인","예","동물생명공학과","dept-anibiotech","동물생명공학과","","예","공지 대상 확인 필요","","조직 대표 공지: 필수 채널로 배정하되 개별 글의 학부생 대상 여부 확인 필요"
"notice-750dff5618d4","디자인학과 · 학과공지","공지","필수","일반","https://home.knu.ac.kr/HOME/vcd/sub.htm?nav_code=vcd1622551643","확인","예","디자인학과","dept-vcd","디자인학과","","예","공지 대상 확인 필요","","조직 대표 공지: 필수 채널로 배정하되 개별 글의 학부생 대상 여부 확인 필요"
"notice-ddfc5b2ca163","로봇공학과 · 공지사항","공지","필수","일반","https://home.knu.ac.kr/HOME/robot/sub.htm?nav_code=rob1623632307","확인","예","로봇공학과","dept-robot","로봇공학과","","예","공지 대상 확인 필요","","조직 대표 공지: 필수 채널로 배정하되 개별 글의 학부생 대상 여부 확인 필요"
"notice-9d728e8b627e","말/특수동물학과 · 공지사항","공지","배정 검토","일반","https://home.knu.ac.kr/HOME/spanimal/sub.htm?nav_code=spa1622181549","확인","예","없음","","말/특수동물학과","","예","공지 대상 확인 필요 ; 필수·선택 분류 확인 필요","","일반 공지의 대상·대표 게시판과의 중복 여부 확인 필요"
"notice-fe90b8f3beb7","말/특수동물학과 · 공지사항","공지","필수","일반","https://home.knu.ac.kr/HOME/spanimal/sub.htm?nav_code=spa1622450979","확인","예","말/특수동물학과","dept-axt","말/특수동물학과","","예","공지 대상 확인 필요","","조직 대표 공지: 필수 채널로 배정하되 개별 글의 학부생 대상 여부 확인 필요"
"notice-956827a355a7","문헌정보학과 · 학부공지사항","공지","필수","학사","https://home.knu.ac.kr/HOME/lis/sub.htm?nav_code=lis1622460108","확인","예","문헌정보학과","dept-lis","문헌정보학과","","아니오","","","학부생 대상 학사·학년 공지"
"notice-ec96ad09ef78","물리교육과 · 공지사항","공지","필수","일반","https://home.knu.ac.kr/HOME/physed/sub.htm?nav_code=phy1623371316","확인","예","물리교육과","dept-physed","물리교육과","","예","공지 대상 확인 필요","","조직 대표 공지: 필수 채널로 배정하되 개별 글의 학부생 대상 여부 확인 필요"
"notice-f4ac509b75c4","물리학과 · 공지사항","공지","필수","일반","https://home.knu.ac.kr/HOME/physics/sub.htm?nav_code=phy1645592197","확인","예","물리학과","dept-physics","물리학과","","예","공지 대상 확인 필요","","조직 대표 공지: 필수 채널로 배정하되 개별 글의 학부생 대상 여부 확인 필요"
"notice-7dbc635b2399","미디어커뮤니케이션학과 · 학부 공지사항","공지","필수","학사","https://home.knu.ac.kr/HOME/masscom/sub.htm?nav_code=mas1614079680","확인","예","미디어커뮤니케이션학과","dept-mediacomm","미디어커뮤니케이션학과","","아니오","","","학부생 대상 학사·학년 공지"
"notice-7e56cbeca2ee","미술학과 · 공지사항","공지","필수","일반","https://home.knu.ac.kr/HOME/arts/sub.htm?nav_code=art1623199694","확인","예","미술학과","dept-arts","미술학과","","예","공지 대상 확인 필요","","조직 대표 공지: 필수 채널로 배정하되 개별 글의 학부생 대상 여부 확인 필요"
"notice-73ffa1763744","바이오섬유소재학과 · 공지사항","공지","필수","일반","https://home.knu.ac.kr/HOME/biofiber/sub.htm?nav_code=bio1623029353","확인","예","바이오섬유소재학과","dept-biofiber","바이오섬유소재학과","","예","공지 대상 확인 필요","","조직 대표 공지: 필수 채널로 배정하되 개별 글의 학부생 대상 여부 확인 필요"
"meal-bokji","복지관 교직원 식당","학식","선택","학식","https://coop.knu.ac.kr/sub03/sub01_01.html?shop_sqno=36","확인됨","예","없음","","","","아니오","","","사용자가 이용 식당 선택"
"notice-9b84b4adc47a","불어교육전공(~2024학년) · 공지사항","공지","필수","일반","https://home.knu.ac.kr/HOME/fredu/sub.htm?nav_code=fre1623134357","확인","예","불어교육전공(~2024학년)","dept-fredu","불어교육전공(~2024학년)","","예","공지 대상 확인 필요","","조직 대표 공지: 필수 채널로 배정하되 개별 글의 학부생 대상 여부 확인 필요"
"notice-b5015ce1e74b","불어불문학과 · 공지사항","공지","필수","일반","https://home.knu.ac.kr/HOME/french/sub.htm?nav_code=fre1623147753","확인","예","불어불문학과","dept-france","불어불문학과","","예","공지 대상 확인 필요","","조직 대표 공지: 필수 채널로 배정하되 개별 글의 학부생 대상 여부 확인 필요"
"notice-2ae1ca96e3de","사범대학 · 공지사항","공지","필수","일반","https://home.knu.ac.kr/HOME/education/sub.htm?nav_code=edu1623200393","확인","예","가정교육과 ; 교육학과 ; 국어교육과 ; 독어교육전공 ; 물리교육과 ; 불어교육전공(~2024학년) ; 생물교육과 ; 수학교육과 ; 역사교육과 ; 영어교육과 ; 유럽어교육학부 ; 윤리교육과 ; 일반사회교육과 ; 정보·컴퓨터교육과 ; 지구과학교육과 ; 지리교육과 ; 체육교육과 ; 화학교육과","dept-bioedu ; dept-chemedu ; dept-earthed ; dept-edu ; dept-enged ; dept-ethedu ; dept-european-education ; dept-fredu ; dept-geoedu ; dept-geredu ; dept-hisedu ; dept-homeedu ; dept-ilsa ; dept-information-computer-education ; dept-koredu ; dept-mathedu ; dept-physed ; dept-sport","사범대학","","예","공지 대상 확인 필요","","조직 대표 공지: 필수 채널로 배정하되 개별 글의 학부생 대상 여부 확인 필요"
"notice-9f20cdb4b423","사학과 · 공지사항(학부)","공지","필수","학사","https://home.knu.ac.kr/HOME/history/sub.htm?nav_code=his1622521427","확인","예","사학과","dept-khistory","사학과","","아니오","","","학부생 대상 학사·학년 공지"
"notice-7502f997e5e7","사회과학대학 자율학부 · 공지사항","공지","필수","일반","https://home.knu.ac.kr/HOME/coss/sub.htm?nav_code=cos1623199778","확인","예","문헌정보학과 ; 미디어커뮤니케이션학과 ; 사회과학대학 자율학부 ; 사회복지학부 ; 사회학과 ; 심리학과 ; 정치외교학과 ; 지리학과","dept-coss ; dept-geog ; dept-knusw ; dept-lis ; dept-mediacomm ; dept-politics ; dept-psy ; dept-socio","사회과학대학 ; 사회과학대학 자율학부","","예","공지 대상 확인 필요","","조직 대표 공지: 필수 채널로 배정하되 개별 글의 학부생 대상 여부 확인 필요"
"notice-37acb2947c9a","사회복지학부 · 사회정책 공지사항","공지","배정 검토","일반","https://home.knu.ac.kr/HOME/knusw/sub.htm?nav_code=knu1625124571","확인","예","없음","","사회복지학부","","예","공지 대상 확인 필요 ; 필수·선택 분류 확인 필요","","일반 공지의 대상·대표 게시판과의 중복 여부 확인 필요"
"notice-bbfcc8756400","사회복지학부 · 학부 공지사항","공지","필수","학사","https://home.knu.ac.kr/HOME/knusw/sub.htm?nav_code=knu1623026178","확인","예","사회복지학부","dept-knusw","사회복지학부","","아니오","","","학부생 대상 학사·학년 공지"
"notice-1268b7a10e0b","사회학과 · 학부 공지사항","공지","필수","학사","https://home.knu.ac.kr/HOME/socio/sub.htm?nav_code=soc1622181477","확인","예","사회학과","dept-socio","사회학과","","아니오","","","학부생 대상 학사·학년 공지"
"notice-8b73f625639c","산림생태보호학과 · 공지사항","공지","필수","일반","https://home.knu.ac.kr/HOME/fore/sub.htm?nav_code=for1622704960","확인","예","산림생태보호학과","dept-forest","산림생태보호학과","","예","공지 대상 확인 필요","","조직 대표 공지: 필수 채널로 배정하되 개별 글의 학부생 대상 여부 확인 필요"
"notice-b1133d4c8b3b","생명공학부 · 공지사항","공지","필수","일반","http://biotech.knu.ac.kr/bbs/board.php?bo_table=sub6_1","확인","예","생명공학부","dept-biotech","생명공학부","","예","공지 대상 확인 필요","","조직 대표 공지: 필수 채널로 배정하되 개별 글의 학부생 대상 여부 확인 필요"
"notice-afb535aeb941","생물교육과 · 공지사항","공지","필수","일반","https://home.knu.ac.kr/HOME/bioedu/sub.htm?nav_code=bio1622460188","확인","예","생물교육과","dept-bioedu","생물교육과","","예","공지 대상 확인 필요","","조직 대표 공지: 필수 채널로 배정하되 개별 글의 학부생 대상 여부 확인 필요"
"notice-b5e6a10e952e","생물학과 · 공지사항","공지","필수","일반","https://home.knu.ac.kr/HOME/bio/sub.htm?nav_code=bio1616117151","확인","예","생물학과","dept-bio","생물학과","","예","공지 대상 확인 필요","","조직 대표 공지: 필수 채널로 배정하되 개별 글의 학부생 대상 여부 확인 필요"
"notice-9bcb92908bc9","생물학과 · 학사공지","공지","필수","학사","https://home.knu.ac.kr/HOME/bio/sub.htm?nav_code=bio1616117150","확인","예","생물학과","dept-bio","생물학과","","아니오","","","학부생 대상 학사·학년 공지"
"notice-3bb6de2335b3","생태환경대학 · 공지사항","공지","필수","일반","https://home.knu.ac.kr/HOME/cee/sub.htm?nav_code=cee1623200416","확인","예","건강운동관리전공 ; 곤충생명과학과 ; 관광학과 ; 동물생명공학과 ; 말/특수동물학과 ; 산림생태보호학과 ; 식물자원학과 ; 체육학부 ; 체육학전공 ; 축산학과","dept-ani ; dept-anibiotech ; dept-axt ; dept-dols ; dept-ento ; dept-forest ; dept-health-exercise ; dept-physical-education ; dept-scplant ; dept-tour","생태환경대학","","예","공지 대상 확인 필요","","조직 대표 공지: 필수 채널로 배정하되 개별 글의 학부생 대상 여부 확인 필요"
"notice-fe8857afa2d4","생활과학대학 · 공지사항","공지","필수","일반","https://home.knu.ac.kr/HOME/he/sub.htm?nav_code=he1623200306","확인","예","식품영양학과 ; 아동가족학전공 ; 아동학부 ; 아동학전공 ; 의류학과","dept-child ; dept-child-2 ; dept-child-3 ; dept-fashion ; dept-fsnu","생활과학대학","","예","공지 대상 확인 필요","","조직 대표 공지: 필수 채널로 배정하되 개별 글의 학부생 대상 여부 확인 필요"
"notice-0b9f7e3a61e0","섬유공학전공 · 공지사항","공지","필수","일반","https://home.knu.ac.kr/HOME/textile/sub.htm?nav_code=tex1616634934","확인","예","섬유공학전공","dept-textile","섬유공학전공","섬유패션디자인학부","예","공지 대상 확인 필요 ; 학부 공통 공지가 아닌 전공별 게시판. 학부 선택 후 전공을 지정","섬유패션디자인학부: 학부에 전공이 2개였음. 2개를 나눠서 봐야할듯, 두개 다 넣어둠","사용자가 제공한 섬유공학전공 공지. 해당 전공의 필수 채널"
"notice-56d10a6d60b4","섬유공학전공 · 대학원 공지사항","공지","신입생 제외","대학원","https://home.knu.ac.kr/HOME/textile/sub.htm?nav_code=tex1616743543","확인","아니오","없음","","섬유공학전공","","아니오","","","원문 경로 HOME > 대학원 > 공지사항 확인. 신입생 대상 제외"
"notice-f9d9ecdb1284","섬유시스템공학과 · 학사 공지사항","공지","필수","학사","https://home.knu.ac.kr/HOME/textileng/sub.htm?nav_code=tex1623029574","확인","예","섬유시스템공학과","dept-textile-eng","섬유시스템공학과","","아니오","","","학부생 대상 학사·학년 공지"
"notice-2487b99aea65","소프트웨어학과 · 공지사항","공지","필수","일반","https://home.knu.ac.kr/HOME/se/sub.htm?nav_code=se1617170620","확인","예","소프트웨어학과","dept-se","소프트웨어학과","","예","공지 대상 확인 필요","","조직 대표 공지: 필수 채널로 배정하되 개별 글의 학부생 대상 여부 확인 필요"
"notice-4c132ad6150a","수의학과 · 공지사항","공지","필수","일반","https://home.knu.ac.kr/HOME/veterinary/sub.htm?nav_code=vet1623200224","확인","예","수의예과 ; 수의학과","dept-vet ; dept-vet-2","수의과대학 ; 수의학과 ; 수의예과","","예","공지 대상 확인 필요","","조직 대표 공지: 필수 채널로 배정하되 개별 글의 학부생 대상 여부 확인 필요"
"notice-4a39f7ba94f5","수의학과 · 대학공지","공지","배정 검토","일반","https://home.knu.ac.kr/HOME/veterinary/sub.htm?nav_code=vet1623200226","확인","예","없음","","수의과대학 ; 수의학과 ; 수의예과","","예","공지 대상 확인 필요 ; 필수·선택 분류 확인 필요","","일반 공지의 대상·대표 게시판과의 중복 여부 확인 필요"
"notice-472ae4378387","수학과 · 공지사항","공지","필수","일반","https://home.knu.ac.kr/HOME/math/sub.htm?nav_code=mat1623029308","확인","예","수학과","dept-math","수학과","","예","공지 대상 확인 필요","","조직 대표 공지: 필수 채널로 배정하되 개별 글의 학부생 대상 여부 확인 필요"
"notice-8666f6ab7bde","수학교육과 · 공지사항","공지","필수","일반","https://home.knu.ac.kr/HOME/mathedu/sub.htm?nav_code=mat1623134407","확인","예","수학교육과","dept-mathedu","수학교육과","","예","공지 대상 확인 필요","","조직 대표 공지: 필수 채널로 배정하되 개별 글의 학부생 대상 여부 확인 필요"
"notice-7be43eeeb5d5","스마트모빌리티공학과 · 공지사항","공지","배정 검토","일반","https://home.knu.ac.kr/HOME/mobility/sub.htm?nav_code=mob1719879421","확인","예","없음","","스마트모빌리티공학과","","예","공지 대상 확인 필요 ; 필수·선택 분류 확인 필요","","일반 공지의 대상·대표 게시판과의 중복 여부 확인 필요"
"notice-f310e00db70c","스마트모빌리티공학과 · 공지사항","공지","필수","일반","https://home.knu.ac.kr/HOME/mobility/sub.htm?nav_code=mob1692863999","확인","예","스마트모빌리티공학과","dept-mobility","스마트모빌리티공학과","","예","공지 대상 확인 필요","","조직 대표 공지: 필수 채널로 배정하되 개별 글의 학부생 대상 여부 확인 필요"
"notice-cc19e513d407","스마트생물산업기계공학과 · 공지사항","공지","필수","일반","https://home.knu.ac.kr/HOME/bime/sub.htm?nav_code=bim1622180687","확인","예","스마트생물산업기계공학과","dept-bime","스마트생물산업기계공학과","","예","공지 대상 확인 필요","","조직 대표 공지: 필수 채널로 배정하되 개별 글의 학부생 대상 여부 확인 필요"
"notice-b5c34881a6cc","스마트플랜트공학과 · 공지사항","공지","필수","일반","https://home.knu.ac.kr/HOME/smartplant/sub.htm?nav_code=sma1653282097","확인","예","스마트플랜트공학과","dept-smartplant","스마트플랜트공학과","","예","공지 대상 확인 필요","","조직 대표 공지: 필수 채널로 배정하되 개별 글의 학부생 대상 여부 확인 필요"
"notice-451c515734ae","식물생명과학전공 · 공지사항","공지","필수","일반","https://home.knu.ac.kr/HOME/pbs/sub.htm?nav_code=pbs1623632560","확인","예","식물생명과학전공","dept-pbs","식물생명과학전공","","예","공지 대상 확인 필요","","조직 대표 공지: 필수 채널로 배정하되 개별 글의 학부생 대상 여부 확인 필요"
"notice-e0dc5a51576c","식물의학과 · 공지사항","공지","필수","일반","https://home.knu.ac.kr/HOME/plantmed/sub.htm?nav_code=pla1677024917","확인","예","식물의학과","dept-plantmed","식물의학과","","예","공지 대상 확인 필요","","조직 대표 공지: 필수 채널로 배정하되 개별 글의 학부생 대상 여부 확인 필요"
"notice-aaa5e07a26eb","식물자원학과 · 공지사항","공지","필수","일반","https://home.knu.ac.kr/HOME/scplant/sub.htm?nav_code=scp1622705079","확인","예","식물자원학과","dept-scplant","식물자원학과","","예","공지 대상 확인 필요","","조직 대표 공지: 필수 채널로 배정하되 개별 글의 학부생 대상 여부 확인 필요"
"notice-5489a94f38cd","식품공학부 · 공지사항","공지","필수","일반","https://home.knu.ac.kr/HOME/foodbio/sub.htm?nav_code=foo1623134098","확인","예","식품공학부","dept-foodbio","식품공학부","","예","공지 대상 확인 필요","","조직 대표 공지: 필수 채널로 배정하되 개별 글의 학부생 대상 여부 확인 필요"
"notice-45a059e34b9c","식품생물공학전공 · 학부 공지사항","공지","필수","학사","https://home.knu.ac.kr/HOME/foodbiotechnology/sub.htm?nav_code=foo1619661320","확인","예","식품생물공학전공","dept-foodbiotechnology","식품생물공학전공","","아니오","","","학부생 대상 학사·학년 공지"
"notice-57321798a19a","식품소재공학전공 · 공지사항","공지","필수","일반","https://home.knu.ac.kr/HOME/foodbm/sub.htm?nav_code=foo1623888041","확인","예","식품소재공학전공","dept-foodbm","식품소재공학전공","","예","공지 대상 확인 필요","","조직 대표 공지: 필수 채널로 배정하되 개별 글의 학부생 대상 여부 확인 필요"
"notice-d5e75aa6b2da","식품영양학과 · 공지사항","공지","필수","일반","https://home.knu.ac.kr/HOME/fsnu/sub.htm?nav_code=fsn1622459812","확인","예","식품영양학과","dept-fsnu","식품영양학과","","예","공지 대상 확인 필요","","조직 대표 공지: 필수 채널로 배정하되 개별 글의 학부생 대상 여부 확인 필요"
"notice-99ea5018f469","식품외식산업학과 · 공지사항","공지","필수","일반","https://home.knu.ac.kr/HOME/ffsi/sub.htm?nav_code=ffs1623133940","확인","예","식품외식산업학과","dept-ffsi","식품외식산업학과","","예","공지 대상 확인 필요","","조직 대표 공지: 필수 채널로 배정하되 개별 글의 학부생 대상 여부 확인 필요"
"notice-db53f51d3ee7","식품외식산업학과 · 채용정보","공지","배정 검토","취업·진로","https://home.knu.ac.kr/HOME/ffsi/sub.htm?nav_code=ffs1630478709","추가 확인 필요","아니오","없음","","식품외식산업학과","","예","게시판 확인 필요 ; 필수·선택 분류 확인 필요","","목록 게시판으로 확인되지 않은 후보 링크. 소개 페이지일 수 있음"
"notice-2c006faa8fdd","식품응용공학전공 · 공지사항","공지","필수","일반","https://foodbio.knu.ac.kr/HOME/foodbio/sub.htm?nav_code=foo1623134098","확인","예","식품응용공학전공","dept-foodbio-2","식품응용공학전공","","예","공지 대상 확인 필요","","조직 대표 공지: 필수 채널로 배정하되 개별 글의 학부생 대상 여부 확인 필요"
"notice-6b16f01d1a75","식품자원경제학과 · 공지사항","공지","필수","일반","https://home.knu.ac.kr/HOME/knuagec/sub.htm?nav_code=knu1623134126","확인","예","식품자원경제학과","dept-frecon","식품자원경제학과","","예","공지 대상 확인 필요","","조직 대표 공지: 필수 채널로 배정하되 개별 글의 학부생 대상 여부 확인 필요"
"notice-7fcf94c45b4e","신소재공학과 · 공지사항","공지","필수","일반","https://home.knu.ac.kr/HOME/kremse/sub.htm?nav_code=kre1640045053","확인","예","신소재공학과","dept-mse","신소재공학과","","예","공지 대상 확인 필요","","조직 대표 공지: 필수 채널로 배정하되 개별 글의 학부생 대상 여부 확인 필요"
"notice-16f98ec95fc6","심리학과 · 학부 공지사항","공지","필수","학사","https://home.knu.ac.kr/HOME/psychology/sub.htm?nav_code=psy1614066241","확인","예","심리학과","dept-psy","심리학과","","아니오","","","학부생 대상 학사·학년 공지"
"notice-97fffffebd44","아동학부 · 학부 공지사항","공지","필수","학사","https://home.knu.ac.kr/HOME/knuchild/sub.htm?nav_code=knu1623370362","확인","예","아동가족학전공 ; 아동학부 ; 아동학전공","dept-child ; dept-child-2 ; dept-child-3","아동학부 ; 아동가족학전공 ; 아동학전공","","아니오","","","학부생 대상 학사·학년 공지"
"notice-9a2cb1c992c7","약학과 · 공지사항","공지","필수","일반","https://home.knu.ac.kr/HOME/knupharmacy/sub.htm?nav_code=knu1623650948","확인","예","약학과","dept-pharmacy","약학대학 ; 약학과","","예","공지 대상 확인 필요","","조직 대표 공지: 필수 채널로 배정하되 개별 글의 학부생 대상 여부 확인 필요"
"notice-06dffccf1c28","에너지공학부 · 학부 공지사항","공지","필수","학사","https://home.knu.ac.kr/HOME/soee/sub.htm?nav_code=soe1622609908","확인","예","신재생에너지전공 ; 에너지공학부 ; 에너지변환전공","dept-energy ; dept-energy-2 ; dept-energy-3","에너지공학부 ; 신재생에너지전공 ; 에너지변환전공","","아니오","","","학부생 대상 학사·학년 공지"
"notice-70d703a20086","에너지화학공학과 · 학과공지","공지","필수","일반","https://home.knu.ac.kr/HOME/ece/sub.htm?nav_code=ece1704877202","확인","예","에너지화학공학과","dept-ece","에너지화학공학과","","예","공지 대상 확인 필요","","조직 대표 공지: 필수 채널로 배정하되 개별 글의 학부생 대상 여부 확인 필요"
"notice-848538cdce05","역사교육과 · 공지사항","공지","필수","일반","https://home.knu.ac.kr/HOME/hisedu/sub.htm?nav_code=his1622459767","확인","예","역사교육과","dept-hisedu","역사교육과","","예","공지 대상 확인 필요","","조직 대표 공지: 필수 채널로 배정하되 개별 글의 학부생 대상 여부 확인 필요"
"notice-9c2e2dbd2980","영어교육과 · 공지사항","공지","필수","일반","https://home.knu.ac.kr/HOME/enged/sub.htm?nav_code=eng1622787290","확인","예","영어교육과","dept-enged","영어교육과","","예","공지 대상 확인 필요","","조직 대표 공지: 필수 채널로 배정하되 개별 글의 학부생 대상 여부 확인 필요"
"notice-1abc9573202c","영어영문학과 · 학부공지","공지","필수","학사","https://home.knu.ac.kr/HOME/english/sub.htm?nav_code=eng1621852173","확인","예","영어영문학과","dept-english","영어영문학과","","아니오","","","학부생 대상 학사·학년 공지"
"notice-f95f0e2ac40d","우주공학부 · 공지사항","공지","필수","일반","https://home.knu.ac.kr/HOME/aerospace/sub.htm?nav_code=aer1694412321","확인","예","우주공학부","dept-aerospace","우주공학부","","예","공지 대상 확인 필요","","조직 대표 공지: 필수 채널로 배정하되 개별 글의 학부생 대상 여부 확인 필요"
"notice-3834483dc081","원예과학과 · 공지사항","공지","필수","일반","https://home.knu.ac.kr/HOME/horti/sub.htm?nav_code=hor1622609861","확인","예","원예과학과","dept-horti","원예과학과","","예","공지 대상 확인 필요","","조직 대표 공지: 필수 채널로 배정하되 개별 글의 학부생 대상 여부 확인 필요"
"notice-ef883ff42361","위치정보시스템학과 · 공지사항","공지","필수","일반","https://home.knu.ac.kr/HOME/lbis/sub.htm?nav_code=lbi1661932979","확인","예","위치정보시스템학과","dept-lbis","위치정보시스템학과","","예","공지 대상 확인 필요","","조직 대표 공지: 필수 채널로 배정하되 개별 글의 학부생 대상 여부 확인 필요"
"notice-a1540deb2a6f","윤리교육과 · 공지사항","공지","필수","일반","https://home.knu.ac.kr/HOME/ethedu/sub.htm?nav_code=eth1622460163","확인","예","윤리교육과","dept-ethedu","윤리교육과","","예","공지 대상 확인 필요","","조직 대표 공지: 필수 채널로 배정하되 개별 글의 학부생 대상 여부 확인 필요"
"notice-74558916c320","음악학과 · 공지사항","공지","필수","일반","https://home.knu.ac.kr/HOME/music/sub.htm?nav_code=mus1622610244","확인","예","음악학과","dept-music","음악학과","","예","공지 대상 확인 필요","","조직 대표 공지: 필수 채널로 배정하되 개별 글의 학부생 대상 여부 확인 필요"
"notice-a1c0cc5412ca","응용생명과학부 · 공지사항","공지","필수","일반","https://home.knu.ac.kr/HOME/appbio/sub.htm?nav_code=app1700444270","확인","예","응용생명과학부","dept-abs","응용생명과학부","","예","공지 대상 확인 필요","","조직 대표 공지: 필수 채널로 배정하되 개별 글의 학부생 대상 여부 확인 필요"
"notice-7dfeec322405","응용화학공학부 · 공지사항","공지","필수","일반","https://home.knu.ac.kr/HOME/knuce/sub.htm?nav_code=knu1762850029","확인","예","응용화학공학부","dept-ce","응용화학공학부","","예","공지 대상 확인 필요","","조직 대표 공지: 필수 채널로 배정하되 개별 글의 학부생 대상 여부 확인 필요"
"notice-ad22d5b4a9e9","의류학과 · 공지사항","공지","필수","일반","https://home.knu.ac.kr/HOME/fashion/sub.htm?nav_code=fas1623134444","확인","예","의류학과","dept-fashion","의류학과","","예","공지 대상 확인 필요","","조직 대표 공지: 필수 채널로 배정하되 개별 글의 학부생 대상 여부 확인 필요"
"notice-e1ec1bf0eb87","의생명융합공학과 · 공지사항","공지","필수","일반","https://home.knu.ac.kr/HOME/bcst2/sub.htm?nav_code=bcs1611061294","확인","예","의생명융합공학과","dept-bst","의생명융합공학과","","예","공지 대상 확인 필요","","조직 대표 공지: 필수 채널로 배정하되 개별 글의 학부생 대상 여부 확인 필요"
"notice-1e13db96bb82","의생명융합공학과 · 입학공지","공지","배정 검토","혼합","https://home.knu.ac.kr/HOME/bcst2/sub.htm?nav_code=bcs1621295227","추가 확인 필요","아니오","없음","","의생명융합공학과","","예","게시판 확인 필요 ; 공지 대상 확인 필요 ; 필수·선택 분류 확인 필요","","목록 게시판으로 확인되지 않은 후보 링크. 소개 페이지일 수 있음"
"notice-a363da417a07","의학과 · 공지","공지","필수","일반","http://med.knu.ac.kr/pages/sub.htm?nav_code=knu1670583748","확인","예","의예과 ; 의학과","dept-med ; dept-med-2","의과대학 ; 의학과 ; 의예과","","예","파서 분류 확인 필요 ; 공지 대상 확인 필요","","조직 대표 공지: 필수 채널로 배정하되 개별 글의 학부생 대상 여부 확인 필요"
"notice-948046c13e3c","인공지능시스템학과 · 공지사항","공지","배정 검토","일반","https://aicollege.knu.ac.kr/bbs/board.php?bo_table=sub5_4_d&lang=kor","확인","예","없음","","AI대학 ; 인공지능시스템학과 ; 컴퓨터학부 ; 심화컴퓨팅전공 ; 첨단AI컴퓨팅전공 ; AI자율학부","","예","공지 대상 확인 필요 ; 필수·선택 분류 확인 필요 ; 현재 빈 게시판","","일반 공지의 대상·대표 게시판과의 중복 여부 확인 필요"
"notice-b34ee1a00417","인공지능시스템학과 · 공지사항","공지","필수","학사","https://aicollege.knu.ac.kr/bbs/board.php?bo_table=sub6_1_a&lang=kor","확인","예","AI자율학부 ; 심화컴퓨팅전공 ; 인공지능시스템학과 ; 첨단AI컴퓨팅전공 ; 컴퓨터학부","dept-ai-computer ; dept-aicollege ; dept-aicollege-2 ; dept-aicollege-3 ; dept-aicollege-4","AI대학 ; 인공지능시스템학과 ; 컴퓨터학부 ; 심화컴퓨팅전공 ; 첨단AI컴퓨팅전공 ; AI자율학부","","아니오","","","학부생 대상 학사·학년 공지"
"notice-9aae2bf75d02","인공지능시스템학과 · 일반공지","공지","배정 검토","일반","https://aicollege.knu.ac.kr/bbs/board.php?bo_table=sub6_1_a&sca=%EC%9D%BC%EB%B0%98%EA%B3%B5%EC%A7%80","확인","예","없음","","AI대학 ; 인공지능시스템학과 ; 컴퓨터학부 ; 심화컴퓨팅전공 ; 첨단AI컴퓨팅전공 ; AI자율학부","","예","공지 대상 확인 필요 ; 필수·선택 분류 확인 필요","","일반 공지의 대상·대표 게시판과의 중복 여부 확인 필요"
"notice-ecd686f730b2","인문대학 · 공지사항","공지","필수","일반","https://home.knu.ac.kr/HOME/humanities/sub.htm?nav_code=hum1623199741","확인","예","고고인류학과 ; 국어국문학과 ; 노어노문학과 ; 독어독문학과 ; 불어불문학과 ; 사학과 ; 영어영문학과 ; 인문대학 자율학부 ; 일어일문학과 ; 중어중문학과 ; 철학과 ; 한문학과","dept-aran ; dept-chinese ; dept-english ; dept-france ; dept-german ; dept-hanmun ; dept-humanities-undeclared ; dept-japan ; dept-khistory ; dept-knurussian ; dept-korean ; dept-philosophy","인문대학","","예","공지 대상 확인 필요","","조직 대표 공지: 필수 채널로 배정하되 개별 글의 학부생 대상 여부 확인 필요"
"notice-93e747407e27","인문대학 · 학사 및 취업정보","공지","배정 검토","혼합","https://home.knu.ac.kr/HOME/humanities/sub.htm?nav_code=hum1623199738","확인","예","없음","","인문대학","","예","공지 대상 확인 필요 ; 필수·선택 분류 확인 필요","","학사·관심 소식이 섞인 메뉴: 필수 범위 확인 필요"
"notice-5c6cbaba27ab","인문대학 자율학부 · 공지사항","공지","필수","일반","https://home.knu.ac.kr/HOME/hum/sub.htm?nav_code=hum1741312301","확인","예","인문대학 자율학부","dept-humanities-undeclared","인문대학 자율학부","","예","공지 대상 확인 필요","","조직 대표 공지: 필수 채널로 배정하되 개별 글의 학부생 대상 여부 확인 필요"
"notice-614324804939","일반사회교육과 · 공지사항","공지","필수","일반","https://home.knu.ac.kr/HOME/ilsa/sub.htm?nav_code=ils1622609066","확인","예","일반사회교육과","dept-ilsa","일반사회교육과","","예","공지 대상 확인 필요","","조직 대표 공지: 필수 채널로 배정하되 개별 글의 학부생 대상 여부 확인 필요"
"notice-3c7bfc3da404","일어일문학과 · 공지사항","공지","필수","일반","https://home.knu.ac.kr/HOME/japan/sub.htm?nav_code=jap1695016568","확인","예","일어일문학과","dept-japan","일어일문학과","","예","공지 대상 확인 필요","","조직 대표 공지: 필수 채널로 배정하되 개별 글의 학부생 대상 여부 확인 필요"
"notice-7bb331bb8b0f","임산공학전공 · 공지사항","공지","필수","일반","https://home.knu.ac.kr/HOME/treei/sub.htm?nav_code=tre1622610220","확인","예","임산공학전공","dept-wood","임산공학전공","","예","공지 대상 확인 필요","","조직 대표 공지: 필수 채널로 배정하되 개별 글의 학부생 대상 여부 확인 필요"
"notice-4b4549901a22","임학전공 · 공지사항","공지","필수","일반","https://home.knu.ac.kr/HOME/forest/sub.htm?nav_code=for1622521051","확인","예","임학전공","dept-forestry","임학전공","산림과학·조경학부","예","공지 대상 확인 필요 ; 학부 공통 공지가 아닌 전공별 게시판. 학부 선택 후 전공을 지정","산림과학·조경학부: 사용자가 학부 연결 주소로 제공. 실제 게시판은 전공별 운영","조직 대표 공지: 필수 채널로 배정하되 개별 글의 학부생 대상 여부 확인 필요"
"notice-68d5f9aa762f","자동차공학과 · 공지사항","공지","필수","일반","https://home.knu.ac.kr/HOME/automobile/sub.htm?nav_code=aut1623370299","확인","예","자동차공학과","dept-auto","자동차공학과","","예","공지 대상 확인 필요","","조직 대표 공지: 필수 채널로 배정하되 개별 글의 학부생 대상 여부 확인 필요"
"notice-55ac86f2e763","자연과학대학 · 공지사항","공지","필수","일반","https://home.knu.ac.kr/HOME/cns/sub.htm?nav_code=cns1623199799","확인","예","물리학과 ; 생명공학부 ; 생물학과 ; 수학과 ; 자연과학대학 자율학부 ; 지구시스템과학부 ; 지질학전공 ; 천문대기과학전공 ; 통계학과 ; 해양학전공 ; 화학과","dept-bio ; dept-biotech ; dept-chem ; dept-cns ; dept-geology ; dept-hanl ; dept-math ; dept-natural-sciences-undeclared ; dept-ocean ; dept-physics ; dept-stat","자연과학대학","","예","공지 대상 확인 필요","","조직 대표 공지: 필수 채널로 배정하되 개별 글의 학부생 대상 여부 확인 필요"
"missing-dept-natural-sciences-undeclared","자연과학대학 자율학부 · 운영 여부 확인 필요","공지","배정 검토","일반","","주소 미확인","아니오","없음","","자연과학대학 자율학부","","예","운영 여부 확인 필요 ; 사용자 메모: 없어진듯 ; 폐지 여부는 공식 근거 미확인 ; 독립 게시판 주소 미확인","없어진듯","사용자 확인 의견에 따라 자동 필수 배정을 보류. 공식 운영·모집 상태 확인 필요"
"notice-9a0b59b2a2b4","자율미래인재학부 · 공지사항","공지","필수","일반","https://home.knu.ac.kr/HOME/sofi/sub.htm?nav_code=sof1741566884","확인","예","자율미래인재학부","dept-sofi","자율미래인재학부","","예","공지 대상 확인 필요","","조직 대표 공지: 필수 채널로 배정하되 개별 글의 학부생 대상 여부 확인 필요"
"notice-d1802616c625","자율전공학부 · 공지사항","공지","필수","일반","https://home.knu.ac.kr/HOME/udm/sub.htm?nav_code=udm1623371432","확인","예","자율전공학부","dept-udm","자율전공학부","","예","공지 대상 확인 필요","","조직 대표 공지: 필수 채널로 배정하되 개별 글의 학부생 대상 여부 확인 필요"
"notice-1cbb3d90d081","전기공학과 · 공지사항","공지","필수","일반","https://home.knu.ac.kr/HOME/electric/sub.htm?nav_code=ele1622787198","확인","예","전기공학과","dept-electric","전기공학과","","예","공지 대상 확인 필요","","조직 대표 공지: 필수 채널로 배정하되 개별 글의 학부생 대상 여부 확인 필요"
"notice-df44dd8507c1","전자공학부 · 공지사항","공지","필수","일반","https://see.knu.ac.kr/content/board/notice.html","확인","예","멀티미디어및의공학전공 ; 반도체및디스플레이공학전공 ; 인공지능및신호처리전공 ; 전자공학부 ; 전자파및광전자공학전공 ; 정보통신공학전공 ; 지능시스템및제어공학전공 ; 회로및임베디드시스템공학전공","dept-see ; dept-see-2 ; dept-see-3 ; dept-see-4 ; dept-see-5 ; dept-see-6 ; dept-see-7 ; dept-see-8","전자공학부 ; 회로및임베디드시스템공학전공 ; 반도체및디스플레이공학전공 ; 멀티미디어및의공학전공 ; 전자파및광전자공학전공 ; 인공지능및신호처리전공 ; 정보통신공학전공 ; 지능시스템및제어공학전공","","예","공지 대상 확인 필요","","조직 대표 공지: 필수 채널로 배정하되 개별 글의 학부생 대상 여부 확인 필요"
"notice-e08af12e34e3","전자공학부 모바일공학전공 · 공지사항","공지","필수","일반","https://home.knu.ac.kr/HOME/smobile/sub.htm?nav_code=smo1616372729","확인","예","전자공학부 모바일공학전공","dept-smobile","전자공학부 모바일공학전공","","예","공지 대상 확인 필요","","조직 대표 공지: 필수 채널로 배정하되 개별 글의 학부생 대상 여부 확인 필요"
"notice-450caf336106","전자공학부 인공지능전공 · 공지사항","공지","필수","일반","https://home.knu.ac.kr/HOME/seeai/sub.htm?nav_code=see1667180581","확인","예","전자공학부 인공지능전공","dept-seeai","전자공학부 인공지능전공","","예","공지 대상 확인 필요","","조직 대표 공지: 필수 채널로 배정하되 개별 글의 학부생 대상 여부 확인 필요"
"notice-8b2d3f025a39","정밀기계공학과 · 공지사항","공지","필수","일반","https://home.knu.ac.kr/HOME/pmeatknu/sub.htm?nav_code=pme1623030157","확인","예","정밀기계공학과","dept-pme","정밀기계공학과","","예","공지 대상 확인 필요","","조직 대표 공지: 필수 채널로 배정하되 개별 글의 학부생 대상 여부 확인 필요"
"notice-1d6a78636180","정보·컴퓨터교육과 · 공지사항","공지","필수","일반","https://home.knu.ac.kr/HOME/comedu/sub.htm?nav_code=com1744781375","확인","예","정보·컴퓨터교육과","dept-information-computer-education","정보·컴퓨터교육과","","예","공지 대상 확인 필요","","조직 대표 공지: 필수 채널로 배정하되 개별 글의 학부생 대상 여부 확인 필요"
"meal-35","정보센터 식당","학식","선택","학식","https://coop.knu.ac.kr/sub03/sub01_01.html?shop_sqno=35","확인","예","없음","","","","아니오","","","사용자가 이용 식당 선택"
"notice-b8ebd17a5dca","정치외교학과 · 학부 공지사항","공지","필수","학사","https://home.knu.ac.kr/HOME/politics/sub.htm?nav_code=pol1614071864","확인","예","정치외교학과","dept-politics","정치외교학과","","아니오","","","학부생 대상 학사·학년 공지"
"notice-c4b1c79994bd","조경학전공 · 공지사항","공지","필수","일반","https://home.knu.ac.kr/HOME/land/sub.htm?nav_code=lan1614079746","확인","예","조경학전공","dept-land","조경학전공","","예","공지 대상 확인 필요","","조직 대표 공지: 필수 채널로 배정하되 개별 글의 학부생 대상 여부 확인 필요"
"notice-6b04da14aae1","중어중문학과 · 공지사항","공지","필수","학사","https://chinese.knu.ac.kr/bbs/board.php?bo_table=notice","확인","예","중어중문학과","dept-chinese","중어중문학과","","아니오","현재 빈 게시판","","학부생 대상 학사·학년 공지"
"notice-4a1f9eebf3ef","중어중문학과 · 취업게시판","공지","배정 검토","취업·진로","https://chinese.knu.ac.kr/bbs/board.php?bo_table=job","추가 확인 필요","아니오","없음","","중어중문학과","","예","게시판 확인 필요 ; 필수·선택 분류 확인 필요","","목록 게시판으로 확인되지 않은 후보 링크. 소개 페이지일 수 있음"
"notice-787893a88ff5","지구과학교육과 · 공지사항","공지","필수","일반","https://home.knu.ac.kr/HOME/earth/sub.htm?nav_code=ear1622787840","확인","예","지구과학교육과","dept-earthed","지구과학교육과","","예","공지 대상 확인 필요","","조직 대표 공지: 필수 채널로 배정하되 개별 글의 학부생 대상 여부 확인 필요"
"notice-392eeaadf103","지구시스템과학부 · 공지사항","공지","필수","일반","https://cns.knu.ac.kr/HOME/cns/sub.htm?nav_code=cns1623199799","확인","예","지구시스템과학부","dept-cns","지구시스템과학부","","예","공지 대상 확인 필요","","조직 대표 공지: 필수 채널로 배정하되 개별 글의 학부생 대상 여부 확인 필요"
"notice-278455937509","지리교육과 · 공지사항","공지","필수","일반","https://home.knu.ac.kr/HOME/geoedu/sub.htm?nav_code=geo1623029261","확인","예","지리교육과","dept-geoedu","지리교육과","","예","공지 대상 확인 필요","","조직 대표 공지: 필수 채널로 배정하되 개별 글의 학부생 대상 여부 확인 필요"
"notice-2eb7684c7df1","지리학과 · 학부 공지사항","공지","필수","학사","https://home.knu.ac.kr/HOME/geog/sub.htm?nav_code=geo1614082611","확인","예","지리학과","dept-geog","지리학과","","아니오","","","학부생 대상 학사·학년 공지"
"notice-1f235111f7dc","지질학전공 · 공지사항","공지","필수","일반","https://home.knu.ac.kr/HOME/geology/sub.htm?nav_code=geo1621814864","확인","예","지질학전공","dept-geology","지질학전공","","예","공지 대상 확인 필요","","조직 대표 공지: 필수 채널로 배정하되 개별 글의 학부생 대상 여부 확인 필요"
"notice-63f8428dcd26","천문대기과학전공 · 일반공지사항","공지","배정 검토","일반","https://home.knu.ac.kr/HOME/hanl/sub.htm?nav_code=han1622609884","확인","예","없음","","천문대기과학전공","","예","공지 대상 확인 필요 ; 필수·선택 분류 확인 필요","","일반 공지의 대상·대표 게시판과의 중복 여부 확인 필요"
"notice-d6ef40bd632d","천문대기과학전공 · 학과공지사항","공지","필수","일반","https://home.knu.ac.kr/HOME/hanl/sub.htm?nav_code=han1769127610","확인","예","천문대기과학전공","dept-hanl","천문대기과학전공","","예","공지 대상 확인 필요","","조직 대표 공지: 필수 채널로 배정하되 개별 글의 학부생 대상 여부 확인 필요"
"notice-d7e3a598e69c","철학과 · 학부 공지사항","공지","필수","학사","https://home.knu.ac.kr/HOME/philosophy/sub.htm?nav_code=phi1623391659","확인","예","철학과","dept-philosophy","철학과","","아니오","","","학부생 대상 학사·학년 공지"
"notice-e187e9582e58","첨단기술융합대학 · 공지사항","공지","필수","일반","https://home.knu.ac.kr/HOME/knuatc/sub.htm?nav_code=knu1711976689","확인","예","로봇공학과 ; 스마트모빌리티공학과 ; 우주공학부 ; 의생명융합공학과 ; 첨단기술융합대학 자율학부1 ; 첨단기술융합대학 자율학부2 ; 혁신신약학과","dept-aerospace ; dept-atcad ; dept-atcad-2 ; dept-bst ; dept-innopharm ; dept-mobility ; dept-robot","첨단기술융합대학","","예","공지 대상 확인 필요","","조직 대표 공지: 필수 채널로 배정하되 개별 글의 학부생 대상 여부 확인 필요"
"notice-afca571a7ef1","첨단기술융합대학 자율학부1 · 공지사항","공지","필수","일반","https://home.knu.ac.kr/HOME/atcad/sub.htm?nav_code=atc1753746498","확인","예","첨단기술융합대학 자율학부1 ; 첨단기술융합대학 자율학부2","dept-atcad ; dept-atcad-2","첨단기술융합대학 자율학부1 ; 첨단기술융합대학 자율학부2","","예","공지 대상 확인 필요","","조직 대표 공지: 필수 채널로 배정하되 개별 글의 학부생 대상 여부 확인 필요"
"notice-dd1ea15f1f4f","체육교육과 · 학부 공지사항","공지","필수","학사","https://home.knu.ac.kr/HOME/spoedu/sub.htm?nav_code=spo1623029398","확인","예","체육교육과","dept-sport","체육교육과","","아니오","","","학부생 대상 학사·학년 공지"
"notice-dfce5afb9336","체육학부 · 공지사항","공지","필수","일반","https://home.knu.ac.kr/HOME/sports/sub.htm?nav_code=spo1622609691","확인","예","체육학부 ; 체육학전공","dept-dols ; dept-physical-education","체육학부 ; 체육학전공","","예","공지 대상 확인 필요","","조직 대표 공지: 필수 채널로 배정하되 개별 글의 학부생 대상 여부 확인 필요"
"notice-802aa8231e6f","축산학과 · 공지사항","공지","배정 검토","일반","https://home.knu.ac.kr/HOME/zootechny/sub.htm?nav_code=zoo1622610180","확인","예","없음","","축산학과","","예","공지 대상 확인 필요 ; 필수·선택 분류 확인 필요","","일반 공지의 대상·대표 게시판과의 중복 여부 확인 필요"
"notice-d6c272c6c7db","축산학과 · 공지사항","공지","필수","일반","https://home.knu.ac.kr/HOME/zootechny/sub.htm?nav_code=zoo1622709676","확인","예","축산학과","dept-ani","축산학과","","예","공지 대상 확인 필요","","조직 대표 공지: 필수 채널로 배정하되 개별 글의 학부생 대상 여부 확인 필요"
"notice-0c588977a9c0","축산학과 · 취업자료실","공지","배정 검토","취업·진로","https://home.knu.ac.kr/HOME/zootechny/sub.htm?nav_code=zoo1622709786","추가 확인 필요","아니오","없음","","축산학과","","예","게시판 확인 필요 ; 필수·선택 분류 확인 필요","","목록 게시판으로 확인되지 않은 후보 링크. 소개 페이지일 수 있음"
"notice-e4b425192d2d","치위생학과 · 공지사항","공지","배정 검토","일반","https://home.knu.ac.kr/HOME/dehy/sub.htm?nav_code=deh1616635145","확인","예","없음","","치위생학과","","예","공지 대상 확인 필요 ; 필수·선택 분류 확인 필요","","일반 공지의 대상·대표 게시판과의 중복 여부 확인 필요"
"notice-7414782e7dbb","치의학과 · 공지사항","공지","필수","일반","https://dent.knu.ac.kr/sub/board.html?bid=k1news","확인","예","치의예과 ; 치의학과","dept-dent ; dept-dent-2","치과대학 ; 치의학과 ; 치의예과","","예","공지 대상 확인 필요","","조직 대표 공지: 필수 채널로 배정하되 개별 글의 학부생 대상 여부 확인 필요"
"meal-37","카페테리아 첨성","학식","선택","학식","https://coop.knu.ac.kr/sub03/sub01_01.html?shop_sqno=37","확인됨","예","없음","","","","아니오","","","사용자가 이용 식당 선택"
"notice-f7745ed674cb","컴퓨터학부 · 공지사항","공지","배정 검토","일반","https://computer.knu.ac.kr/bbs/board.php?bo_table=sub5_4_d&lang=kor","확인","예","없음","","컴퓨터학부 ; 인공지능컴퓨팅전공 ; 심화컴퓨팅전공 ; 첨단컴퓨팅연구전공","","예","공지 대상 확인 필요 ; 필수·선택 분류 확인 필요 ; 현재 빈 게시판","","일반 공지의 대상·대표 게시판과의 중복 여부 확인 필요"
"notice-fefffa32e24c","컴퓨터학부 · 공지사항","공지","필수","학사","https://computer.knu.ac.kr/bbs/board.php?bo_table=sub6_1_a&lang=kor","확인","예","심화컴퓨팅전공 ; 인공지능컴퓨팅전공 ; 첨단컴퓨팅연구전공 ; 컴퓨터학부","dept-computer ; dept-computer-2 ; dept-computer-3 ; dept-computer-4","컴퓨터학부 ; 인공지능컴퓨팅전공 ; 심화컴퓨팅전공 ; 첨단컴퓨팅연구전공","","아니오","","","학부생 대상 학사·학년 공지"
"notice-1d38f0f2bb09","컴퓨터학부 · 일반공지","공지","배정 검토","일반","https://computer.knu.ac.kr/bbs/board.php?bo_table=sub6_1_a&sca=%EC%9D%BC%EB%B0%98%EA%B3%B5%EC%A7%80","확인","예","없음","","컴퓨터학부 ; 인공지능컴퓨팅전공 ; 심화컴퓨팅전공 ; 첨단컴퓨팅연구전공","","예","공지 대상 확인 필요 ; 필수·선택 분류 확인 필요","","일반 공지의 대상·대표 게시판과의 중복 여부 확인 필요"
"notice-ccc3a94a1fa5","토목공학과 · 공지사항","공지","필수","일반","https://home.knu.ac.kr/HOME/civil/sub.htm?nav_code=civ1614066197","확인","예","토목공학과","dept-civil","토목공학과","","예","공지 대상 확인 필요","","조직 대표 공지: 필수 채널로 배정하되 개별 글의 학부생 대상 여부 확인 필요"
"notice-f14e44ae5bb9","통계학과 · 공지사항","공지","필수","일반","https://home.knu.ac.kr/HOME/stat/sub.htm?nav_code=sta1623632390","확인","예","통계학과","dept-stat","통계학과","","예","공지 대상 확인 필요","","조직 대표 공지: 필수 채널로 배정하되 개별 글의 학부생 대상 여부 확인 필요"
"notice-9dbd1b2695c9","패션디자인전공 · 공지사항","공지","필수","일반","https://home.knu.ac.kr/HOME/style/sub.htm?nav_code=sty1616635012","확인","예","패션디자인전공","dept-style","패션디자인전공","섬유패션디자인학부","예","공지 대상 확인 필요 ; 학부 공통 공지가 아닌 전공별 게시판. 학부 선택 후 전공을 지정","섬유패션디자인학부: 학부에 전공이 2개였음. 2개를 나눠서 봐야할듯, 두개 다 넣어둠","조직 대표 공지: 필수 채널로 배정하되 개별 글의 학부생 대상 여부 확인 필요"
"notice-3d2a3e87207a","한문학과 · 학부 공지사항","공지","필수","학사","https://home.knu.ac.kr/HOME/hanmun/sub.htm?nav_code=han1624361542","확인","예","한문학과","dept-hanmun","한문학과","","아니오","","","학부생 대상 학사·학년 공지"
"notice-d13e4abb0470","해양학전공 · 공지사항","공지","필수","일반","https://home.knu.ac.kr/HOME/ocean/sub.htm?nav_code=oce1623632597","확인","예","해양학전공","dept-ocean","해양학전공","","예","공지 대상 확인 필요","","조직 대표 공지: 필수 채널로 배정하되 개별 글의 학부생 대상 여부 확인 필요"
"notice-4a41e1328a3e","행정학부 · 공지사항","공지","필수","일반","https://home.knu.ac.kr/HOME/puad/sub.htm?nav_code=pua1623029519","확인","예","행정학부","dept-puad","행정학부","","예","공지 대상 확인 필요","","조직 대표 공지: 필수 채널로 배정하되 개별 글의 학부생 대상 여부 확인 필요"
"notice-b46aed7f6b0f","혁신신약학과 · 공지사항","공지","필수","일반","https://home.knu.ac.kr/HOME/innopharm/sub.htm?nav_code=inn1706058584","확인","예","혁신신약학과","dept-innopharm","혁신신약학과","","예","공지 대상 확인 필요","","조직 대표 공지: 필수 채널로 배정하되 개별 글의 학부생 대상 여부 확인 필요"
"notice-ac0144f93d45","화학과 · 공지사항","공지","필수","일반","https://home.knu.ac.kr/HOME/chem/sub.htm?nav_code=che1622521080","확인","예","화학과","dept-chem","화학과","","예","공지 대상 확인 필요","","조직 대표 공지: 필수 채널로 배정하되 개별 글의 학부생 대상 여부 확인 필요"
"notice-093d2d29fb09","화학교육과 · 공지사항","공지","필수","일반","https://home.knu.ac.kr/HOME/chedu/sub.htm?nav_code=che1623057663","확인","예","화학교육과","dept-chemedu","화학교육과","","예","공지 대상 확인 필요","","조직 대표 공지: 필수 채널로 배정하되 개별 글의 학부생 대상 여부 확인 필요"
"notice-80b4af2f0ba7","환경공학과 · 취업자료실","공지","배정 검토","취업·진로","https://home.knu.ac.kr/HOME/env/sub.htm?nav_code=env1633063128","추가 확인 필요","아니오","없음","","환경공학과","","예","게시판 확인 필요 ; 필수·선택 분류 확인 필요","","목록 게시판으로 확인되지 않은 후보 링크. 소개 페이지일 수 있음"
"notice-7c8d4065b9df","환경공학과 · 취업정보","공지","배정 검토","취업·진로","https://home.knu.ac.kr/HOME/env/sub.htm?nav_code=env1624500238","추가 확인 필요","아니오","없음","","환경공학과","","예","게시판 확인 필요 ; 필수·선택 분류 확인 필요","","목록 게시판으로 확인되지 않은 후보 링크. 소개 페이지일 수 있음"
"notice-101538fb6a8e","환경공학과 · 학부 공지사항","공지","필수","학사","https://home.knu.ac.kr/HOME/env/sub.htm?nav_code=env1624500229","확인","예","환경공학과","dept-env","환경공학과","","아니오","","","학부생 대상 학사·학년 공지"
"notice-6fafb52e7377","환경생명화학전공 · 공지사항","공지","필수","일반","https://home.knu.ac.kr/HOME/kac/sub.htm?nav_code=kac1622609930","확인","예","환경생명화학전공","dept-kac","환경생명화학전공","","예","공지 대상 확인 필요","","조직 대표 공지: 필수 채널로 배정하되 개별 글의 학부생 대상 여부 확인 필요"
"notice-459a4805de72","환경안전공학과 · 공지사항","공지","필수","일반","https://home.knu.ac.kr/HOME/ue/sub.htm?nav_code=ue1616633942","확인","예","환경안전공학과","dept-ue","환경안전공학과","","예","공지 대상 확인 필요","","조직 대표 공지: 필수 채널로 배정하되 개별 글의 학부생 대상 여부 확인 필요"
"notice-c531ae67635c","가정교육과 · 대학원 공지사항","공지","신입생 제외","대학원","https://home.knu.ac.kr/HOME/homeedu/sub.htm?nav_code=hom1622623377","확인","아니오","없음","","가정교육과","","아니오","","","대학원·연구사업 공지: 신입생 기본 채널에서 제외"
"notice-05306d5a416f","간호학과 · 대학원 공지사항","공지","신입생 제외","대학원","https://home.knu.ac.kr/HOME/nurse/sub.htm?nav_code=nur1624533217","확인","아니오","없음","","간호대학 ; 간호학과","","아니오","","","대학원·연구사업 공지: 신입생 기본 채널에서 제외"
"notice-fd83a16bba4e","경영학부 · 대학원 공지사항","공지","신입생 제외","대학원","https://home.knu.ac.kr/HOME/kbiz/sub.htm?nav_code=kbi1624514018","확인","아니오","없음","","경영학부","","아니오","","","대학원·연구사업 공지: 신입생 기본 채널에서 제외"
"notice-1575e8fdf7b4","경제통상학부 · 경제학과 BK21 공지","공지","신입생 제외","대학원","https://home.knu.ac.kr/HOME/econ/sub.htm?nav_code=eco1624512871","확인","아니오","없음","","경제통상학부","","아니오","","","대학원·연구사업 공지: 신입생 기본 채널에서 제외"
"notice-e3d17c28af3a","경제통상학부 · 대학원 공지사항","공지","신입생 제외","대학원","https://home.knu.ac.kr/HOME/econ/sub.htm?nav_code=eco1623370508","확인","아니오","없음","","경제통상학부","","아니오","","","대학원·연구사업 공지: 신입생 기본 채널에서 제외"
"notice-903d0118b7b4","경제통상학부 · 무역학과 BK21 공지","공지","신입생 제외","대학원","https://home.knu.ac.kr/HOME/econ/sub.htm?nav_code=eco1624512878","확인","아니오","없음","","경제통상학부","","아니오","","","대학원·연구사업 공지: 신입생 기본 채널에서 제외"
"notice-01a0dd238960","고고인류학과 · 대학원공지","공지","신입생 제외","대학원","https://home.knu.ac.kr/HOME/aran/sub.htm?nav_code=ara1623749592","확인","아니오","없음","","고고인류학과","","아니오","","","대학원·연구사업 공지: 신입생 기본 채널에서 제외"
"notice-3128d5087a35","고분자공학과 · 대학원 공지사항","공지","신입생 제외","대학원","https://home.knu.ac.kr/HOME/knupolymer/sub.htm?nav_code=knu1624584001","확인","아니오","없음","","고분자공학과","","아니오","","","대학원·연구사업 공지: 신입생 기본 채널에서 제외"
"notice-6b2c6cb36b90","교육학과 · 대학원 공지사항","공지","신입생 제외","대학원","https://home.knu.ac.kr/HOME/edu/sub.htm?nav_code=edu1622181521","확인","아니오","없음","","교육학과","","아니오","","","대학원·연구사업 공지: 신입생 기본 채널에서 제외"
"notice-09526f44253e","국어국문학과 · 대학원 공지","공지","신입생 제외","대학원","https://home.knu.ac.kr/HOME/korean/sub.htm?nav_code=kor1772070514","확인","아니오","없음","","국어국문학과","","아니오","","","대학원·연구사업 공지: 신입생 기본 채널에서 제외"
"notice-3c8699f09a58","기계공학부 · 대학원공지사항","공지","신입생 제외","대학원","https://home.knu.ac.kr/HOME/me/sub.htm?nav_code=me1623639997","확인","아니오","없음","","기계공학부 ; 기계공학전공 ; 기계설계학전공 ; 로봇/자동화전공","","아니오","","","대학원·연구사업 공지: 신입생 기본 채널에서 제외"
"notice-d25e571868c3","노어노문학과 · 대학원 공지사항","공지","신입생 제외","대학원","https://home.knu.ac.kr/HOME/knurussian/sub.htm?nav_code=knu1742774734","확인","아니오","없음","","노어노문학과","","아니오","","","대학원·연구사업 공지: 신입생 기본 채널에서 제외"
"notice-a2567af6da66","독어독문학과 · 대학원공지","공지","신입생 제외","대학원","https://home.knu.ac.kr/HOME/german/sub.htm?nav_code=ger1623203442","확인","아니오","없음","","독어독문학과","","아니오","","","대학원·연구사업 공지: 신입생 기본 채널에서 제외"
"notice-da5a0cb323cb","문헌정보학과 · 대학원공지사항","공지","신입생 제외","대학원","https://home.knu.ac.kr/HOME/lis/sub.htm?nav_code=lis1622515347","확인","아니오","없음","","문헌정보학과","","아니오","","","대학원·연구사업 공지: 신입생 기본 채널에서 제외"
"notice-538d34c77294","미디어커뮤니케이션학과 · 대학원 공지사항","공지","신입생 제외","대학원","https://home.knu.ac.kr/HOME/masscom/sub.htm?nav_code=mas1614079677","확인","아니오","없음","","미디어커뮤니케이션학과","","아니오","","","대학원·연구사업 공지: 신입생 기본 채널에서 제외"
"notice-73cc13980092","사학과 · 공지사항(대학원)","공지","신입생 제외","대학원","https://home.knu.ac.kr/HOME/history/sub.htm?nav_code=his1668560900","확인","아니오","없음","","사학과","","아니오","","","대학원·연구사업 공지: 신입생 기본 채널에서 제외"
"notice-559399da4a8e","사회복지학부 · 일반대학원 공지사항","공지","신입생 제외","대학원","https://home.knu.ac.kr/HOME/knusw/sub.htm?nav_code=knu1623026186","확인","아니오","없음","","사회복지학부","","아니오","","","대학원·연구사업 공지: 신입생 기본 채널에서 제외"
"notice-c6edbf2a4132","사회학과 · 대학원 공지사항","공지","신입생 제외","대학원","https://home.knu.ac.kr/HOME/socio/sub.htm?nav_code=soc1663205709","확인","아니오","없음","","사회학과","","아니오","","","대학원·연구사업 공지: 신입생 기본 채널에서 제외"
"notice-8f700259794c","사회학과 · 사회정책대학원 공지사항","공지","신입생 제외","대학원","https://home.knu.ac.kr/HOME/socio/sub.htm?nav_code=soc1738714168","확인","아니오","없음","","사회학과","","아니오","","","대학원·연구사업 공지: 신입생 기본 채널에서 제외"
"notice-8a54001ca7a3","섬유시스템공학과 · 대학원 공지사항","공지","신입생 제외","대학원","https://home.knu.ac.kr/HOME/textileng/sub.htm?nav_code=tex1677543705","확인","아니오","없음","","섬유시스템공학과","","아니오","","","대학원·연구사업 공지: 신입생 기본 채널에서 제외"
"notice-40f00a216b53","소프트웨어학과 · 대학원공지","공지","신입생 제외","대학원","https://home.knu.ac.kr/HOME/se/sub.htm?nav_code=se1718001148","확인","아니오","없음","","소프트웨어학과","","아니오","","","대학원·연구사업 공지: 신입생 기본 채널에서 제외"
"notice-0514b6db0d0a","수의학과 · 대학원공지","공지","신입생 제외","대학원","https://home.knu.ac.kr/HOME/veterinary/sub.htm?nav_code=vet1623200225","확인","아니오","없음","","수의과대학 ; 수의학과 ; 수의예과","","아니오","","","대학원·연구사업 공지: 신입생 기본 채널에서 제외"
"notice-9cefac763b7c","식품생물공학전공 · 대학원 공지사항","공지","신입생 제외","대학원","https://home.knu.ac.kr/HOME/foodbiotechnology/sub.htm?nav_code=foo1619661319","확인","아니오","없음","","식품생물공학전공","","아니오","","","대학원·연구사업 공지: 신입생 기본 채널에서 제외"
"notice-3f72d1f88e95","신소재공학과 · 대학원 공지사항","공지","신입생 제외","대학원","https://home.knu.ac.kr/HOME/kremse/sub.htm?nav_code=kre1647851860","확인","아니오","없음","","신소재공학과","","아니오","","","대학원·연구사업 공지: 신입생 기본 채널에서 제외"
"notice-b617872b30d0","심리학과 · 대학원 공지사항","공지","신입생 제외","대학원","https://home.knu.ac.kr/HOME/psychology/sub.htm?nav_code=psy1614066238","확인","아니오","없음","","심리학과","","아니오","","","대학원·연구사업 공지: 신입생 기본 채널에서 제외"
"notice-7a865b6bf3a9","아동학부 · 대학원 공지사항","공지","신입생 제외","대학원","https://home.knu.ac.kr/HOME/knuchild/sub.htm?nav_code=knu1623370359","확인","아니오","없음","","아동학부 ; 아동가족학전공 ; 아동학전공","","아니오","","","대학원·연구사업 공지: 신입생 기본 채널에서 제외"
"notice-c564fcbc0c72","에너지공학부 · 대학원 공지사항","공지","신입생 제외","대학원","https://home.knu.ac.kr/HOME/soee/sub.htm?nav_code=soe1622609907","확인","아니오","없음","","에너지공학부 ; 신재생에너지전공 ; 에너지변환전공","","아니오","","","대학원·연구사업 공지: 신입생 기본 채널에서 제외"
"notice-f32035e8c07f","영어영문학과 · 대학원공지","공지","신입생 제외","대학원","https://home.knu.ac.kr/HOME/english/sub.htm?nav_code=eng1621852239","확인","아니오","없음","","영어영문학과","","아니오","","","대학원·연구사업 공지: 신입생 기본 채널에서 제외"
"notice-ff016863051f","윤리교육과 · 윤리교육전공(교육대)공지사항","공지","신입생 제외","대학원","https://home.knu.ac.kr/HOME/ethedu/sub.htm?nav_code=eth1622460161","확인","아니오","없음","","윤리교육과","","아니오","","","대학원·연구사업 공지: 신입생 기본 채널에서 제외"
"notice-b949ac9e4a28","윤리교육과 · 윤리교육학과(일반대)공지사항","공지","신입생 제외","대학원","https://home.knu.ac.kr/HOME/ethedu/sub.htm?nav_code=eth1622460162","확인","아니오","없음","","윤리교육과","","아니오","","","대학원·연구사업 공지: 신입생 기본 채널에서 제외"
"notice-f745129f7e2f","응용화학공학부 · 공지사항(대학원)","공지","신입생 제외","대학원","https://home.knu.ac.kr/HOME/knuce/sub.htm?nav_code=knu1762850038","확인","아니오","없음","","응용화학공학부","","아니오","","","대학원·연구사업 공지: 신입생 기본 채널에서 제외"
"notice-f86b60d71251","인공지능시스템학과 · 대학원 공지사항","공지","신입생 제외","대학원","https://aicollege.knu.ac.kr/bbs/board.php?bo_table=sub6_1_b&lang=kor","확인","아니오","없음","","AI대학 ; 인공지능시스템학과 ; 컴퓨터학부 ; 심화컴퓨팅전공 ; 첨단AI컴퓨팅전공 ; AI자율학부","","아니오","","","대학원·연구사업 공지: 신입생 기본 채널에서 제외"
"notice-7de4fd4504a7","정밀기계공학과 · 공지사항(대학원)","공지","신입생 제외","대학원","https://home.knu.ac.kr/HOME/pmeatknu/sub.htm?nav_code=pme1623649063","확인","아니오","없음","","정밀기계공학과","","아니오","","","대학원·연구사업 공지: 신입생 기본 채널에서 제외"
"notice-c231adce70b3","정치외교학과 · 일반대학원 공지사항","공지","신입생 제외","대학원","https://home.knu.ac.kr/HOME/politics/sub.htm?nav_code=pol1652853073","확인","아니오","없음","","정치외교학과","","아니오","","","대학원·연구사업 공지: 신입생 기본 채널에서 제외"
"notice-9a6a61cc3cf9","정치외교학과 · 특수대학원 공지사항","공지","신입생 제외","대학원","https://home.knu.ac.kr/HOME/politics/sub.htm?nav_code=pol1652853098","확인","아니오","없음","","정치외교학과","","아니오","","","대학원·연구사업 공지: 신입생 기본 채널에서 제외"
"notice-57f7a5828834","중어중문학과 · 대학 공지 더보기","공지","신입생 제외","대학원","https://chinese.knu.ac.kr/bbs/board.php?bo_table=notice2","확인","아니오","없음","","중어중문학과","","아니오","현재 빈 게시판","","대학원·연구사업 공지: 신입생 기본 채널에서 제외"
"notice-7e411f7c81ec","지리학과 · 사회정책대학원 공지사항","공지","신입생 제외","대학원","https://home.knu.ac.kr/HOME/geog/sub.htm?nav_code=geo1614082609","확인","아니오","없음","","지리학과","","아니오","","","대학원·연구사업 공지: 신입생 기본 채널에서 제외"
"notice-8d99b986c2bf","지리학과 · 일반대학원 공지사항","공지","신입생 제외","대학원","https://home.knu.ac.kr/HOME/geog/sub.htm?nav_code=geo1614082610","확인","아니오","없음","","지리학과","","아니오","","","대학원·연구사업 공지: 신입생 기본 채널에서 제외"
"notice-5a7af1171b2b","철학과 · 대학원 공지사항","공지","신입생 제외","대학원","https://home.knu.ac.kr/HOME/philosophy/sub.htm?nav_code=phi1623391708","확인","아니오","없음","","철학과","","아니오","","","대학원·연구사업 공지: 신입생 기본 채널에서 제외"
"notice-c1cff811fb5c","체육교육과 · 대학원 공지사항","공지","신입생 제외","대학원","https://home.knu.ac.kr/HOME/spoedu/sub.htm?nav_code=spo1623033803","확인","아니오","없음","","체육교육과","","아니오","","","대학원·연구사업 공지: 신입생 기본 채널에서 제외"
"notice-f63a806038e1","치위생학과 · 공지사항","공지","신입생 제외","대학원","https://home.knu.ac.kr/HOME/dehy/sub.htm?nav_code=deh1616664812","확인","아니오","없음","","치위생학과","","아니오","","","대학원·연구사업 공지: 신입생 기본 채널에서 제외"
"notice-1d47b4e79a33","컴퓨터학부 · 대학원 공지사항","공지","신입생 제외","대학원","https://computer.knu.ac.kr/bbs/board.php?bo_table=sub6_1_b&lang=kor","확인","아니오","없음","","컴퓨터학부 ; 인공지능컴퓨팅전공 ; 심화컴퓨팅전공 ; 첨단컴퓨팅연구전공","","아니오","","","대학원·연구사업 공지: 신입생 기본 채널에서 제외"
"notice-7431fb402bf2","한문학과 · 대학원 공지사항","공지","신입생 제외","대학원","https://home.knu.ac.kr/HOME/hanmun/sub.htm?nav_code=han1624361547","확인","아니오","없음","","한문학과","","아니오","","","대학원·연구사업 공지: 신입생 기본 채널에서 제외"
"notice-739876756888","환경공학과 · 대학원 공지사항","공지","신입생 제외","대학원","https://home.knu.ac.kr/HOME/env/sub.htm?nav_code=env1633062955","확인","아니오","없음","","환경공학과","","아니오","","","대학원·연구사업 공지: 신입생 기본 채널에서 제외"
