"학과ID","학과명","소속대학","채널ID","채널명","배정범위","배정","확인상태","수집대상","검토필요","검토이유"
"dept-korean","국어국문학과","인문대학","knu-academic","학교 학사공지","학교 공통","필수","확인","예","아니오",""
"dept-korean","국어국문학과","인문대학","notice-6c1f8a512fa4","국어국문학과 · 공지사항(학사)","학과·전공","필수","확인","예","아니오",""
"dept-korean","국어국문학과","인문대학","notice-ecd686f730b2","인문대학 · 공지사항","소속 대학","필수","확인","예","예","공지 대상 확인 필요"
"dept-english","영어영문학과","인문대학","knu-academic","학교 학사공지","학교 공통","필수","확인","예","아니오",""
"dept-english","영어영문학과","인문대학","notice-1abc9573202c","영어영문학과 · 학부공지","학과·전공","필수","확인","예","아니오",""
"dept-english","영어영문학과","인문대학","notice-ecd686f730b2","인문대학 · 공지사항","소속 대학","필수","확인","예","예","공지 대상 확인 필요"
"dept-khistory","사학과","인문대학","knu-academic","학교 학사공지","학교 공통","필수","확인","예","아니오",""
"dept-khistory","사학과","인문대학","notice-9f20cdb4b423","사학과 · 공지사항(학부)","학과·전공","필수","확인","예","아니오",""
"dept-khistory","사학과","인문대학","notice-ecd686f730b2","인문대학 · 공지사항","소속 대학","필수","확인","예","예","공지 대상 확인 필요"
"dept-philosophy","철학과","인문대학","knu-academic","학교 학사공지","학교 공통","필수","확인","예","아니오",""
"dept-philosophy","철학과","인문대학","notice-ecd686f730b2","인문대학 · 공지사항","소속 대학","필수","확인","예","예","공지 대상 확인 필요"
"dept-philosophy","철학과","인문대학","notice-d7e3a598e69c","철학과 · 학부 공지사항","학과·전공","필수","확인","예","아니오",""
"dept-france","불어불문학과","인문대학","knu-academic","학교 학사공지","학교 공통","필수","확인","예","아니오",""
"dept-france","불어불문학과","인문대학","notice-b5015ce1e74b","불어불문학과 · 공지사항","학과·전공","필수","확인","예","예","공지 대상 확인 필요"
"dept-france","불어불문학과","인문대학","notice-ecd686f730b2","인문대학 · 공지사항","소속 대학","필수","확인","예","예","공지 대상 확인 필요"
"dept-german","독어독문학과","인문대학","knu-academic","학교 학사공지","학교 공통","필수","확인","예","아니오",""
"dept-german","독어독문학과","인문대학","notice-0ef73fec9014","독어독문학과 · 공지사항","학과·전공","필수","확인","예","예","공지 대상 확인 필요"
"dept-german","독어독문학과","인문대학","notice-d42e73c1be80","독어독문학과 · 학사공지","학과·전공","필수","확인","예","아니오",""
"dept-german","독어독문학과","인문대학","notice-ecd686f730b2","인문대학 · 공지사항","소속 대학","필수","확인","예","예","공지 대상 확인 필요"
"dept-chinese","중어중문학과","인문대학","knu-academic","학교 학사공지","학교 공통","필수","확인","예","아니오",""
"dept-chinese","중어중문학과","인문대학","notice-ecd686f730b2","인문대학 · 공지사항","소속 대학","필수","확인","예","예","공지 대상 확인 필요"
"dept-chinese","중어중문학과","인문대학","notice-6b04da14aae1","중어중문학과 · 공지사항","학과·전공","필수","확인","예","아니오","현재 빈 게시판"
"dept-aran","고고인류학과","인문대학","knu-academic","학교 학사공지","학교 공통","필수","확인","예","아니오",""
"dept-aran","고고인류학과","인문대학","notice-a267229666ef","고고인류학과 · 학부공지","학과·전공","필수","확인","예","아니오",""
"dept-aran","고고인류학과","인문대학","notice-ecd686f730b2","인문대학 · 공지사항","소속 대학","필수","확인","예","예","공지 대상 확인 필요"
"dept-japan","일어일문학과","인문대학","knu-academic","학교 학사공지","학교 공통","필수","확인","예","아니오",""
"dept-japan","일어일문학과","인문대학","notice-ecd686f730b2","인문대학 · 공지사항","소속 대학","필수","확인","예","예","공지 대상 확인 필요"
"dept-japan","일어일문학과","인문대학","notice-3c7bfc3da404","일어일문학과 · 공지사항","학과·전공","필수","확인","예","예","공지 대상 확인 필요"
"dept-hanmun","한문학과","인문대학","knu-academic","학교 학사공지","학교 공통","필수","확인","예","아니오",""
"dept-hanmun","한문학과","인문대학","notice-ecd686f730b2","인문대학 · 공지사항","소속 대학","필수","확인","예","예","공지 대상 확인 필요"
"dept-hanmun","한문학과","인문대학","notice-3d2a3e87207a","한문학과 · 학부 공지사항","학과·전공","필수","확인","예","아니오",""
"dept-knurussian","노어노문학과","인문대학","knu-academic","학교 학사공지","학교 공통","필수","확인","예","아니오",""
"dept-knurussian","노어노문학과","인문대학","notice-2fdcd3cab366","노어노문학과 · 학부 공지사항","학과·전공","필수","확인","예","아니오",""
"dept-knurussian","노어노문학과","인문대학","notice-ecd686f730b2","인문대학 · 공지사항","소속 대학","필수","확인","예","예","공지 대상 확인 필요"
"dept-humanities-undeclared","인문대학 자율학부","인문대학","knu-academic","학교 학사공지","학교 공통","필수","확인","예","아니오",""
"dept-humanities-undeclared","인문대학 자율학부","인문대학","notice-ecd686f730b2","인문대학 · 공지사항","소속 대학","필수","확인","예","예","공지 대상 확인 필요"
"dept-humanities-undeclared","인문대학 자율학부","인문대학","notice-5c6cbaba27ab","인문대학 자율학부 · 공지사항","학과·전공","필수","확인","예","예","공지 대상 확인 필요"
"dept-politics","정치외교학과","사회과학대학","knu-academic","학교 학사공지","학교 공통","필수","확인","예","아니오",""
"dept-politics","정치외교학과","사회과학대학","notice-7502f997e5e7","사회과학대학 자율학부 · 공지사항","소속 대학","필수","확인","예","예","공지 대상 확인 필요"
"dept-politics","정치외교학과","사회과학대학","notice-b8ebd17a5dca","정치외교학과 · 학부 공지사항","학과·전공","필수","확인","예","아니오",""
"dept-socio","사회학과","사회과학대학","knu-academic","학교 학사공지","학교 공통","필수","확인","예","아니오",""
"dept-socio","사회학과","사회과학대학","notice-7502f997e5e7","사회과학대학 자율학부 · 공지사항","소속 대학","필수","확인","예","예","공지 대상 확인 필요"
"dept-socio","사회학과","사회과학대학","notice-1268b7a10e0b","사회학과 · 학부 공지사항","학과·전공","필수","확인","예","아니오",""
"dept-geog","지리학과","사회과학대학","knu-academic","학교 학사공지","학교 공통","필수","확인","예","아니오",""
"dept-geog","지리학과","사회과학대학","notice-7502f997e5e7","사회과학대학 자율학부 · 공지사항","소속 대학","필수","확인","예","예","공지 대상 확인 필요"
"dept-geog","지리학과","사회과학대학","notice-2eb7684c7df1","지리학과 · 학부 공지사항","학과·전공","필수","확인","예","아니오",""
"dept-lis","문헌정보학과","사회과학대학","knu-academic","학교 학사공지","학교 공통","필수","확인","예","아니오",""
"dept-lis","문헌정보학과","사회과학대학","notice-956827a355a7","문헌정보학과 · 학부공지사항","학과·전공","필수","확인","예","아니오",""
"dept-lis","문헌정보학과","사회과학대학","notice-7502f997e5e7","사회과학대학 자율학부 · 공지사항","소속 대학","필수","확인","예","예","공지 대상 확인 필요"
"dept-psy","심리학과","사회과학대학","knu-academic","학교 학사공지","학교 공통","필수","확인","예","아니오",""
"dept-psy","심리학과","사회과학대학","notice-7502f997e5e7","사회과학대학 자율학부 · 공지사항","소속 대학","필수","확인","예","예","공지 대상 확인 필요"
"dept-psy","심리학과","사회과학대학","notice-16f98ec95fc6","심리학과 · 학부 공지사항","학과·전공","필수","확인","예","아니오",""
"dept-knusw","사회복지학부","사회과학대학","knu-academic","학교 학사공지","학교 공통","필수","확인","예","아니오",""
"dept-knusw","사회복지학부","사회과학대학","notice-7502f997e5e7","사회과학대학 자율학부 · 공지사항","소속 대학","필수","확인","예","예","공지 대상 확인 필요"
"dept-knusw","사회복지학부","사회과학대학","notice-bbfcc8756400","사회복지학부 · 학부 공지사항","학과·전공","필수","확인","예","아니오",""
"dept-mediacomm","미디어커뮤니케이션학과","사회과학대학","knu-academic","학교 학사공지","학교 공통","필수","확인","예","아니오",""
"dept-mediacomm","미디어커뮤니케이션학과","사회과학대학","notice-7dbc635b2399","미디어커뮤니케이션학과 · 학부 공지사항","학과·전공","필수","확인","예","아니오",""
"dept-mediacomm","미디어커뮤니케이션학과","사회과학대학","notice-7502f997e5e7","사회과학대학 자율학부 · 공지사항","소속 대학","필수","확인","예","예","공지 대상 확인 필요"
"dept-coss","사회과학대학 자율학부","사회과학대학","knu-academic","학교 학사공지","학교 공통","필수","확인","예","아니오",""
"dept-coss","사회과학대학 자율학부","사회과학대학","notice-7502f997e5e7","사회과학대학 자율학부 · 공지사항","소속 대학","필수","확인","예","예","공지 대상 확인 필요"
"dept-math","수학과","자연과학대학","knu-academic","학교 학사공지","학교 공통","필수","확인","예","아니오",""
"dept-math","수학과","자연과학대학","notice-472ae4378387","수학과 · 공지사항","학과·전공","필수","확인","예","예","공지 대상 확인 필요"
"dept-math","수학과","자연과학대학","notice-55ac86f2e763","자연과학대학 · 공지사항","소속 대학","필수","확인","예","예","공지 대상 확인 필요"
"dept-physics","물리학과","자연과학대학","knu-academic","학교 학사공지","학교 공통","필수","확인","예","아니오",""
"dept-physics","물리학과","자연과학대학","notice-f4ac509b75c4","물리학과 · 공지사항","학과·전공","필수","확인","예","예","공지 대상 확인 필요"
"dept-physics","물리학과","자연과학대학","notice-55ac86f2e763","자연과학대학 · 공지사항","소속 대학","필수","확인","예","예","공지 대상 확인 필요"
"dept-chem","화학과","자연과학대학","knu-academic","학교 학사공지","학교 공통","필수","확인","예","아니오",""
"dept-chem","화학과","자연과학대학","notice-55ac86f2e763","자연과학대학 · 공지사항","소속 대학","필수","확인","예","예","공지 대상 확인 필요"
"dept-chem","화학과","자연과학대학","notice-ac0144f93d45","화학과 · 공지사항","학과·전공","필수","확인","예","예","공지 대상 확인 필요"
"dept-bio","생물학과","자연과학대학","knu-academic","학교 학사공지","학교 공통","필수","확인","예","아니오",""
"dept-bio","생물학과","자연과학대학","notice-b5e6a10e952e","생물학과 · 공지사항","학과·전공","필수","확인","예","예","공지 대상 확인 필요"
"dept-bio","생물학과","자연과학대학","notice-9bcb92908bc9","생물학과 · 학사공지","학과·전공","필수","확인","예","아니오",""
"dept-bio","생물학과","자연과학대학","notice-55ac86f2e763","자연과학대학 · 공지사항","소속 대학","필수","확인","예","예","공지 대상 확인 필요"
"dept-biotech","생명공학부","자연과학대학","knu-academic","학교 학사공지","학교 공통","필수","확인","예","아니오",""
"dept-biotech","생명공학부","자연과학대학","notice-b1133d4c8b3b","생명공학부 · 공지사항","학과·전공","필수","확인","예","예","공지 대상 확인 필요"
"dept-biotech","생명공학부","자연과학대학","notice-55ac86f2e763","자연과학대학 · 공지사항","소속 대학","필수","확인","예","예","공지 대상 확인 필요"
"dept-stat","통계학과","자연과학대학","knu-academic","학교 학사공지","학교 공통","필수","확인","예","아니오",""
"dept-stat","통계학과","자연과학대학","notice-55ac86f2e763","자연과학대학 · 공지사항","소속 대학","필수","확인","예","예","공지 대상 확인 필요"
"dept-stat","통계학과","자연과학대학","notice-f14e44ae5bb9","통계학과 · 공지사항","학과·전공","필수","확인","예","예","공지 대상 확인 필요"
"dept-cns","지구시스템과학부","자연과학대학","knu-academic","학교 학사공지","학교 공통","필수","확인","예","아니오",""
"dept-cns","지구시스템과학부","자연과학대학","notice-55ac86f2e763","자연과학대학 · 공지사항","소속 대학","필수","확인","예","예","공지 대상 확인 필요"
"dept-cns","지구시스템과학부","자연과학대학","notice-392eeaadf103","지구시스템과학부 · 공지사항","학과·전공","필수","확인","예","예","공지 대상 확인 필요"
"dept-geology","지질학전공","자연과학대학","knu-academic","학교 학사공지","학교 공통","필수","확인","예","아니오",""
"dept-geology","지질학전공","자연과학대학","notice-55ac86f2e763","자연과학대학 · 공지사항","소속 대학","필수","확인","예","예","공지 대상 확인 필요"
"dept-geology","지질학전공","자연과학대학","notice-1f235111f7dc","지질학전공 · 공지사항","학과·전공","필수","확인","예","예","공지 대상 확인 필요"
"dept-hanl","천문대기과학전공","자연과학대학","knu-academic","학교 학사공지","학교 공통","필수","확인","예","아니오",""
"dept-hanl","천문대기과학전공","자연과학대학","notice-55ac86f2e763","자연과학대학 · 공지사항","소속 대학","필수","확인","예","예","공지 대상 확인 필요"
"dept-hanl","천문대기과학전공","자연과학대학","notice-d6ef40bd632d","천문대기과학전공 · 학과공지사항","학과·전공","필수","확인","예","예","공지 대상 확인 필요"
"dept-ocean","해양학전공","자연과학대학","knu-academic","학교 학사공지","학교 공통","필수","확인","예","아니오",""
"dept-ocean","해양학전공","자연과학대학","notice-55ac86f2e763","자연과학대학 · 공지사항","소속 대학","필수","확인","예","예","공지 대상 확인 필요"
"dept-ocean","해양학전공","자연과학대학","notice-d13e4abb0470","해양학전공 · 공지사항","학과·전공","필수","확인","예","예","공지 대상 확인 필요"
"dept-natural-sciences-undeclared","자연과학대학 자율학부","자연과학대학","knu-academic","학교 학사공지","학교 공통","필수","확인","예","아니오",""
"dept-natural-sciences-undeclared","자연과학대학 자율학부","자연과학대학","notice-55ac86f2e763","자연과학대학 · 공지사항","소속 대학","필수","확인","예","예","공지 대상 확인 필요"
"dept-econ","경제통상학부","경상대학","knu-academic","학교 학사공지","학교 공통","필수","확인","예","아니오",""
"dept-econ","경제통상학부","경상대학","notice-541aff0da509","경상대학 · 공지사항","소속 대학","필수","확인","예","예","공지 대상 확인 필요 ; 현재 빈 게시판"
"dept-econ","경제통상학부","경상대학","notice-8860bb9a4bc5","경제통상학부 · 학부 공지사항","학과·전공","필수","확인","예","아니오",""
"dept-biz","경영학부","경상대학","knu-academic","학교 학사공지","학교 공통","필수","확인","예","아니오",""
"dept-biz","경영학부","경상대학","notice-541aff0da509","경상대학 · 공지사항","소속 대학","필수","확인","예","예","공지 대상 확인 필요 ; 현재 빈 게시판"
"dept-biz","경영학부","경상대학","notice-a6afbe817dd2","경영학부 · 학부 공지사항","학과·전공","필수","확인","예","아니오",""
"dept-biz-2","경상대학 자율학부","경상대학","knu-academic","학교 학사공지","학교 공통","필수","확인","예","아니오",""
"dept-biz-2","경상대학 자율학부","경상대학","notice-541aff0da509","경상대학 · 공지사항","소속 대학","필수","확인","예","예","공지 대상 확인 필요 ; 현재 빈 게시판"
"dept-biz-2","경상대학 자율학부","경상대학","notice-78e12cb6bc22","경상대학 자율학부 · 공지사항","학과·전공","필수","확인","예","예","공지 대상 확인 필요 ; 현재 빈 게시판"
"dept-metal","금속재료공학과","공과대학","knu-academic","학교 학사공지","학교 공통","필수","확인","예","아니오",""
"dept-metal","금속재료공학과","공과대학","notice-ab33c8b6f3d1","공과대학 자율학부 · 공지사항","소속 대학","필수","확인","예","예","공지 대상 확인 필요"
"dept-metal","금속재료공학과","공과대학","notice-b7eb69e8405d","금속재료공학과 · 공지사항","학과·전공","필수","확인","예","예","공지 대상 확인 필요"
"dept-mse","신소재공학과","공과대학","knu-academic","학교 학사공지","학교 공통","필수","확인","예","아니오",""
"dept-mse","신소재공학과","공과대학","notice-ab33c8b6f3d1","공과대학 자율학부 · 공지사항","소속 대학","필수","확인","예","예","공지 대상 확인 필요"
"dept-mse","신소재공학과","공과대학","notice-7fcf94c45b4e","신소재공학과 · 공지사항","학과·전공","필수","확인","예","예","공지 대상 확인 필요"
"dept-me","기계공학부","공과대학","knu-academic","학교 학사공지","학교 공통","필수","확인","예","아니오",""
"dept-me","기계공학부","공과대학","notice-ab33c8b6f3d1","공과대학 자율학부 · 공지사항","소속 대학","필수","확인","예","예","공지 대상 확인 필요"
"dept-me","기계공학부","공과대학","notice-74a3f719131b","기계공학부 · 학부 공지사항","학과·전공","필수","확인","예","아니오",""
"dept-me-2","기계공학전공","공과대학","knu-academic","학교 학사공지","학교 공통","필수","확인","예","아니오",""
"dept-me-2","기계공학전공","공과대학","notice-ab33c8b6f3d1","공과대학 자율학부 · 공지사항","소속 대학","필수","확인","예","예","공지 대상 확인 필요"
"dept-me-2","기계공학전공","공과대학","notice-74a3f719131b","기계공학부 · 학부 공지사항","학과·전공","필수","확인","예","아니오",""
"dept-me-3","기계설계학전공","공과대학","knu-academic","학교 학사공지","학교 공통","필수","확인","예","아니오",""
"dept-me-3","기계설계학전공","공과대학","notice-ab33c8b6f3d1","공과대학 자율학부 · 공지사항","소속 대학","필수","확인","예","예","공지 대상 확인 필요"
"dept-me-3","기계설계학전공","공과대학","notice-74a3f719131b","기계공학부 · 학부 공지사항","학과·전공","필수","확인","예","아니오",""
"dept-me-4","로봇/자동화전공","공과대학","knu-academic","학교 학사공지","학교 공통","필수","확인","예","아니오",""
"dept-me-4","로봇/자동화전공","공과대학","notice-ab33c8b6f3d1","공과대학 자율학부 · 공지사항","소속 대학","필수","확인","예","예","공지 대상 확인 필요"
"dept-me-4","로봇/자동화전공","공과대학","notice-74a3f719131b","기계공학부 · 학부 공지사항","학과·전공","필수","확인","예","아니오",""
"dept-architecture","건축학부","공과대학","knu-academic","학교 학사공지","학교 공통","필수","확인","예","아니오",""
"dept-architecture","건축학부","공과대학","notice-0158c1288046","건축학부 · 학년별공지사항","학과·전공","필수","확인","예","아니오",""
"dept-architecture","건축학부","공과대학","notice-ab33c8b6f3d1","공과대학 자율학부 · 공지사항","소속 대학","필수","확인","예","예","공지 대상 확인 필요"
"dept-arch","건축학전공","공과대학","knu-academic","학교 학사공지","학교 공통","필수","확인","예","아니오",""
"dept-arch","건축학전공","공과대학","notice-0158c1288046","건축학부 · 학년별공지사항","학과·전공","필수","확인","예","아니오",""
"dept-arch","건축학전공","공과대학","notice-ab33c8b6f3d1","공과대학 자율학부 · 공지사항","소속 대학","필수","확인","예","예","공지 대상 확인 필요"
"dept-arch-2","건축공학전공","공과대학","knu-academic","학교 학사공지","학교 공통","필수","확인","예","아니오",""
"dept-arch-2","건축공학전공","공과대학","notice-0158c1288046","건축학부 · 학년별공지사항","학과·전공","필수","확인","예","아니오",""
"dept-arch-2","건축공학전공","공과대학","notice-ab33c8b6f3d1","공과대학 자율학부 · 공지사항","소속 대학","필수","확인","예","예","공지 대상 확인 필요"
"dept-civil","토목공학과","공과대학","knu-academic","학교 학사공지","학교 공통","필수","확인","예","아니오",""
"dept-civil","토목공학과","공과대학","notice-ab33c8b6f3d1","공과대학 자율학부 · 공지사항","소속 대학","필수","확인","예","예","공지 대상 확인 필요"
"dept-civil","토목공학과","공과대학","notice-ccc3a94a1fa5","토목공학과 · 공지사항","학과·전공","필수","확인","예","예","공지 대상 확인 필요"
"dept-ce","응용화학공학부","공과대학","knu-academic","학교 학사공지","학교 공통","필수","확인","예","아니오",""
"dept-ce","응용화학공학부","공과대학","notice-ab33c8b6f3d1","공과대학 자율학부 · 공지사항","소속 대학","필수","확인","예","예","공지 대상 확인 필요"
"dept-ce","응용화학공학부","공과대학","notice-7dfeec322405","응용화학공학부 · 공지사항","학과·전공","필수","확인","예","예","공지 대상 확인 필요"
"dept-polymer","고분자공학과","공과대학","knu-academic","학교 학사공지","학교 공통","필수","확인","예","아니오",""
"dept-polymer","고분자공학과","공과대학","notice-7ff56c3af3e0","고분자공학과 · 학사 공지사항","학과·전공","필수","확인","예","아니오",""
"dept-polymer","고분자공학과","공과대학","notice-ab33c8b6f3d1","공과대학 자율학부 · 공지사항","소속 대학","필수","확인","예","예","공지 대상 확인 필요"
"dept-textile-eng","섬유시스템공학과","공과대학","knu-academic","학교 학사공지","학교 공통","필수","확인","예","아니오",""
"dept-textile-eng","섬유시스템공학과","공과대학","notice-ab33c8b6f3d1","공과대학 자율학부 · 공지사항","소속 대학","필수","확인","예","예","공지 대상 확인 필요"
"dept-textile-eng","섬유시스템공학과","공과대학","notice-f9d9ecdb1284","섬유시스템공학과 · 학사 공지사항","학과·전공","필수","확인","예","아니오",""
"dept-env","환경공학과","공과대학","knu-academic","학교 학사공지","학교 공통","필수","확인","예","아니오",""
"dept-env","환경공학과","공과대학","notice-ab33c8b6f3d1","공과대학 자율학부 · 공지사항","소속 대학","필수","확인","예","예","공지 대상 확인 필요"
"dept-env","환경공학과","공과대학","notice-101538fb6a8e","환경공학과 · 학부 공지사항","학과·전공","필수","확인","예","아니오",""
"dept-energy","에너지공학부","공과대학","knu-academic","학교 학사공지","학교 공통","필수","확인","예","아니오",""
"dept-energy","에너지공학부","공과대학","notice-ab33c8b6f3d1","공과대학 자율학부 · 공지사항","소속 대학","필수","확인","예","예","공지 대상 확인 필요"
"dept-energy","에너지공학부","공과대학","notice-06dffccf1c28","에너지공학부 · 학부 공지사항","학과·전공","필수","확인","예","아니오",""
"dept-energy-2","신재생에너지전공","공과대학","knu-academic","학교 학사공지","학교 공통","필수","확인","예","아니오",""
"dept-energy-2","신재생에너지전공","공과대학","notice-ab33c8b6f3d1","공과대학 자율학부 · 공지사항","소속 대학","필수","확인","예","예","공지 대상 확인 필요"
"dept-energy-2","신재생에너지전공","공과대학","notice-06dffccf1c28","에너지공학부 · 학부 공지사항","학과·전공","필수","확인","예","아니오",""
"dept-energy-3","에너지변환전공","공과대학","knu-academic","학교 학사공지","학교 공통","필수","확인","예","아니오",""
"dept-energy-3","에너지변환전공","공과대학","notice-ab33c8b6f3d1","공과대학 자율학부 · 공지사항","소속 대학","필수","확인","예","예","공지 대상 확인 필요"
"dept-energy-3","에너지변환전공","공과대학","notice-06dffccf1c28","에너지공학부 · 학부 공지사항","학과·전공","필수","확인","예","아니오",""
"dept-engineer","공과대학 자율학부","공과대학","knu-academic","학교 학사공지","학교 공통","필수","확인","예","아니오",""
"dept-engineer","공과대학 자율학부","공과대학","notice-ab33c8b6f3d1","공과대학 자율학부 · 공지사항","소속 대학","필수","확인","예","예","공지 대상 확인 필요"
"dept-see","전자공학부","IT대학","knu-academic","학교 학사공지","학교 공통","필수","확인","예","아니오",""
"dept-see","전자공학부","IT대학","notice-ddb70636c525","IT대학 · 게시판","소속 대학","필수","확인","예","예","공지 대상 확인 필요"
"dept-see","전자공학부","IT대학","notice-df44dd8507c1","전자공학부 · 공지사항","학과·전공","필수","확인","예","예","공지 대상 확인 필요"
"dept-see-2","회로및임베디드시스템공학전공","IT대학","knu-academic","학교 학사공지","학교 공통","필수","확인","예","아니오",""
"dept-see-2","회로및임베디드시스템공학전공","IT대학","notice-ddb70636c525","IT대학 · 게시판","소속 대학","필수","확인","예","예","공지 대상 확인 필요"
"dept-see-2","회로및임베디드시스템공학전공","IT대학","notice-df44dd8507c1","전자공학부 · 공지사항","학과·전공","필수","확인","예","예","공지 대상 확인 필요"
"dept-see-3","반도체및디스플레이공학전공","IT대학","knu-academic","학교 학사공지","학교 공통","필수","확인","예","아니오",""
"dept-see-3","반도체및디스플레이공학전공","IT대학","notice-ddb70636c525","IT대학 · 게시판","소속 대학","필수","확인","예","예","공지 대상 확인 필요"
"dept-see-3","반도체및디스플레이공학전공","IT대학","notice-df44dd8507c1","전자공학부 · 공지사항","학과·전공","필수","확인","예","예","공지 대상 확인 필요"
"dept-see-4","멀티미디어및의공학전공","IT대학","knu-academic","학교 학사공지","학교 공통","필수","확인","예","아니오",""
"dept-see-4","멀티미디어및의공학전공","IT대학","notice-ddb70636c525","IT대학 · 게시판","소속 대학","필수","확인","예","예","공지 대상 확인 필요"
"dept-see-4","멀티미디어및의공학전공","IT대학","notice-df44dd8507c1","전자공학부 · 공지사항","학과·전공","필수","확인","예","예","공지 대상 확인 필요"
"dept-see-5","전자파및광전자공학전공","IT대학","knu-academic","학교 학사공지","학교 공통","필수","확인","예","아니오",""
"dept-see-5","전자파및광전자공학전공","IT대학","notice-ddb70636c525","IT대학 · 게시판","소속 대학","필수","확인","예","예","공지 대상 확인 필요"
"dept-see-5","전자파및광전자공학전공","IT대학","notice-df44dd8507c1","전자공학부 · 공지사항","학과·전공","필수","확인","예","예","공지 대상 확인 필요"
"dept-see-6","인공지능및신호처리전공","IT대학","knu-academic","학교 학사공지","학교 공통","필수","확인","예","아니오",""
"dept-see-6","인공지능및신호처리전공","IT대학","notice-ddb70636c525","IT대학 · 게시판","소속 대학","필수","확인","예","예","공지 대상 확인 필요"
"dept-see-6","인공지능및신호처리전공","IT대학","notice-df44dd8507c1","전자공학부 · 공지사항","학과·전공","필수","확인","예","예","공지 대상 확인 필요"
"dept-see-7","정보통신공학전공","IT대학","knu-academic","학교 학사공지","학교 공통","필수","확인","예","아니오",""
"dept-see-7","정보통신공학전공","IT대학","notice-ddb70636c525","IT대학 · 게시판","소속 대학","필수","확인","예","예","공지 대상 확인 필요"
"dept-see-7","정보통신공학전공","IT대학","notice-df44dd8507c1","전자공학부 · 공지사항","학과·전공","필수","확인","예","예","공지 대상 확인 필요"
"dept-see-8","지능시스템및제어공학전공","IT대학","knu-academic","학교 학사공지","학교 공통","필수","확인","예","아니오",""
"dept-see-8","지능시스템및제어공학전공","IT대학","notice-ddb70636c525","IT대학 · 게시판","소속 대학","필수","확인","예","예","공지 대상 확인 필요"
"dept-see-8","지능시스템및제어공학전공","IT대학","notice-df44dd8507c1","전자공학부 · 공지사항","학과·전공","필수","확인","예","예","공지 대상 확인 필요"
"dept-seeai","전자공학부 인공지능전공","IT대학","knu-academic","학교 학사공지","학교 공통","필수","확인","예","아니오",""
"dept-seeai","전자공학부 인공지능전공","IT대학","notice-ddb70636c525","IT대학 · 게시판","소속 대학","필수","확인","예","예","공지 대상 확인 필요"
"dept-seeai","전자공학부 인공지능전공","IT대학","notice-450caf336106","전자공학부 인공지능전공 · 공지사항","학과·전공","필수","확인","예","예","공지 대상 확인 필요"
"dept-smobile","전자공학부 모바일공학전공","IT대학","knu-academic","학교 학사공지","학교 공통","필수","확인","예","아니오",""
"dept-smobile","전자공학부 모바일공학전공","IT대학","notice-ddb70636c525","IT대학 · 게시판","소속 대학","필수","확인","예","예","공지 대상 확인 필요"
"dept-smobile","전자공학부 모바일공학전공","IT대학","notice-e08af12e34e3","전자공학부 모바일공학전공 · 공지사항","학과·전공","필수","확인","예","예","공지 대상 확인 필요"
"dept-computer","컴퓨터학부","IT대학","knu-academic","학교 학사공지","학교 공통","필수","확인","예","아니오",""
"dept-computer","컴퓨터학부","IT대학","notice-ddb70636c525","IT대학 · 게시판","소속 대학","필수","확인","예","예","공지 대상 확인 필요"
"dept-computer","컴퓨터학부","IT대학","notice-fefffa32e24c","컴퓨터학부 · 공지사항","학과·전공","필수","확인","예","아니오",""
"dept-computer-2","인공지능컴퓨팅전공","IT대학","knu-academic","학교 학사공지","학교 공통","필수","확인","예","아니오",""
"dept-computer-2","인공지능컴퓨팅전공","IT대학","notice-ddb70636c525","IT대학 · 게시판","소속 대학","필수","확인","예","예","공지 대상 확인 필요"
"dept-computer-2","인공지능컴퓨팅전공","IT대학","notice-fefffa32e24c","컴퓨터학부 · 공지사항","학과·전공","필수","확인","예","아니오",""
"dept-computer-3","심화컴퓨팅전공","IT대학","knu-academic","학교 학사공지","학교 공통","필수","확인","예","아니오",""
"dept-computer-3","심화컴퓨팅전공","IT대학","notice-ddb70636c525","IT대학 · 게시판","소속 대학","필수","확인","예","예","공지 대상 확인 필요"
"dept-computer-3","심화컴퓨팅전공","IT대학","notice-fefffa32e24c","컴퓨터학부 · 공지사항","학과·전공","필수","확인","예","아니오",""
"dept-computer-4","첨단컴퓨팅연구전공","IT대학","knu-academic","학교 학사공지","학교 공통","필수","확인","예","아니오",""
"dept-computer-4","첨단컴퓨팅연구전공","IT대학","notice-ddb70636c525","IT대학 · 게시판","소속 대학","필수","확인","예","예","공지 대상 확인 필요"
"dept-computer-4","첨단컴퓨팅연구전공","IT대학","notice-fefffa32e24c","컴퓨터학부 · 공지사항","학과·전공","필수","확인","예","아니오",""
"dept-electric","전기공학과","IT대학","knu-academic","학교 학사공지","학교 공통","필수","확인","예","아니오",""
"dept-electric","전기공학과","IT대학","notice-ddb70636c525","IT대학 · 게시판","소속 대학","필수","확인","예","예","공지 대상 확인 필요"
"dept-electric","전기공학과","IT대학","notice-1cbb3d90d081","전기공학과 · 공지사항","학과·전공","필수","확인","예","예","공지 대상 확인 필요"
"dept-it-undeclared","IT대학 자율학부","IT대학","knu-academic","학교 학사공지","학교 공통","필수","확인","예","아니오",""
"dept-it-undeclared","IT대학 자율학부","IT대학","notice-ddb70636c525","IT대학 · 게시판","소속 대학","필수","확인","예","예","공지 대상 확인 필요"
"dept-it-undeclared","IT대학 자율학부","IT대학","notice-04f9a84e582c","IT대학 자율학부 · 학부 공지사항","학과·전공","필수","확인","예","아니오",""
"dept-it-advanced-undeclared","IT 첨단자율학부","IT대학","knu-academic","학교 학사공지","학교 공통","필수","확인","예","아니오",""
"dept-it-advanced-undeclared","IT 첨단자율학부","IT대학","notice-ddb70636c525","IT대학 · 게시판","소속 대학","필수","확인","예","예","공지 대상 확인 필요"
"dept-it-advanced-undeclared","IT 첨단자율학부","IT대학","notice-04f9a84e582c","IT대학 자율학부 · 학부 공지사항","학과·전공","필수","확인","예","아니오",""
"dept-abs","응용생명과학부","농업생명과학대학","knu-academic","학교 학사공지","학교 공통","필수","확인","예","아니오",""
"dept-abs","응용생명과학부","농업생명과학대학","notice-e3a4a5455384","농업생명과학대학 · 공지사항","소속 대학","필수","확인","예","예","공지 대상 확인 필요"
"dept-abs","응용생명과학부","농업생명과학대학","notice-a1c0cc5412ca","응용생명과학부 · 공지사항","학과·전공","필수","확인","예","예","공지 대상 확인 필요"
"dept-pbs","식물생명과학전공","농업생명과학대학","knu-academic","학교 학사공지","학교 공통","필수","확인","예","아니오",""
"dept-pbs","식물생명과학전공","농업생명과학대학","notice-e3a4a5455384","농업생명과학대학 · 공지사항","소속 대학","필수","확인","예","예","공지 대상 확인 필요"
"dept-pbs","식물생명과학전공","농업생명과학대학","notice-451c515734ae","식물생명과학전공 · 공지사항","학과·전공","필수","확인","예","예","공지 대상 확인 필요"
"dept-kac","환경생명화학전공","농업생명과학대학","knu-academic","학교 학사공지","학교 공통","필수","확인","예","아니오",""
"dept-kac","환경생명화학전공","농업생명과학대학","notice-e3a4a5455384","농업생명과학대학 · 공지사항","소속 대학","필수","확인","예","예","공지 대상 확인 필요"
"dept-kac","환경생명화학전공","농업생명과학대학","notice-6fafb52e7377","환경생명화학전공 · 공지사항","학과·전공","필수","확인","예","예","공지 대상 확인 필요"
"dept-plantmed","식물의학과","농업생명과학대학","knu-academic","학교 학사공지","학교 공통","필수","확인","예","아니오",""
"dept-plantmed","식물의학과","농업생명과학대학","notice-e3a4a5455384","농업생명과학대학 · 공지사항","소속 대학","필수","확인","예","예","공지 대상 확인 필요"
"dept-plantmed","식물의학과","농업생명과학대학","notice-e0dc5a51576c","식물의학과 · 공지사항","학과·전공","필수","확인","예","예","공지 대상 확인 필요"
"dept-foodbio","식품공학부","농업생명과학대학","knu-academic","학교 학사공지","학교 공통","필수","확인","예","아니오",""
"dept-foodbio","식품공학부","농업생명과학대학","notice-e3a4a5455384","농업생명과학대학 · 공지사항","소속 대학","필수","확인","예","예","공지 대상 확인 필요"
"dept-foodbio","식품공학부","농업생명과학대학","notice-5489a94f38cd","식품공학부 · 공지사항","학과·전공","필수","확인","예","예","공지 대상 확인 필요"
"dept-foodbiotechnology","식품생물공학전공","농업생명과학대학","knu-academic","학교 학사공지","학교 공통","필수","확인","예","아니오",""
"dept-foodbiotechnology","식품생물공학전공","농업생명과학대학","notice-e3a4a5455384","농업생명과학대학 · 공지사항","소속 대학","필수","확인","예","예","공지 대상 확인 필요"
"dept-foodbiotechnology","식품생물공학전공","농업생명과학대학","notice-45a059e34b9c","식품생물공학전공 · 학부 공지사항","학과·전공","필수","확인","예","아니오",""
"dept-foodbm","식품소재공학전공","농업생명과학대학","knu-academic","학교 학사공지","학교 공통","필수","확인","예","아니오",""
"dept-foodbm","식품소재공학전공","농업생명과학대학","notice-e3a4a5455384","농업생명과학대학 · 공지사항","소속 대학","필수","확인","예","예","공지 대상 확인 필요"
"dept-foodbm","식품소재공학전공","농업생명과학대학","notice-57321798a19a","식품소재공학전공 · 공지사항","학과·전공","필수","확인","예","예","공지 대상 확인 필요"
"dept-foodbio-2","식품응용공학전공","농업생명과학대학","knu-academic","학교 학사공지","학교 공통","필수","확인","예","아니오",""
"dept-foodbio-2","식품응용공학전공","농업생명과학대학","notice-e3a4a5455384","농업생명과학대학 · 공지사항","소속 대학","필수","확인","예","예","공지 대상 확인 필요"
"dept-foodbio-2","식품응용공학전공","농업생명과학대학","notice-2c006faa8fdd","식품응용공학전공 · 공지사항","학과·전공","필수","확인","예","예","공지 대상 확인 필요"
"dept-forest-landscape","산림과학·조경학부","농업생명과학대학","knu-academic","학교 학사공지","학교 공통","필수","확인","예","아니오",""
"dept-forest-landscape","산림과학·조경학부","농업생명과학대학","notice-e3a4a5455384","농업생명과학대학 · 공지사항","소속 대학","필수","확인","예","예","공지 대상 확인 필요"
"dept-forestry","임학전공","농업생명과학대학","knu-academic","학교 학사공지","학교 공통","필수","확인","예","아니오",""
"dept-forestry","임학전공","농업생명과학대학","notice-e3a4a5455384","농업생명과학대학 · 공지사항","소속 대학","필수","확인","예","예","공지 대상 확인 필요"
"dept-forestry","임학전공","농업생명과학대학","notice-4b4549901a22","임학전공 · 공지사항","학과·전공","필수","확인","예","예","공지 대상 확인 필요 ; 학부 공통 공지가 아닌 전공별 게시판. 학부 선택 후 전공을 지정"
"dept-wood","임산공학전공","농업생명과학대학","knu-academic","학교 학사공지","학교 공통","필수","확인","예","아니오",""
"dept-wood","임산공학전공","농업생명과학대학","notice-e3a4a5455384","농업생명과학대학 · 공지사항","소속 대학","필수","확인","예","예","공지 대상 확인 필요"
"dept-wood","임산공학전공","농업생명과학대학","notice-7bb331bb8b0f","임산공학전공 · 공지사항","학과·전공","필수","확인","예","예","공지 대상 확인 필요"
"dept-land","조경학전공","농업생명과학대학","knu-academic","학교 학사공지","학교 공통","필수","확인","예","아니오",""
"dept-land","조경학전공","농업생명과학대학","notice-e3a4a5455384","농업생명과학대학 · 공지사항","소속 대학","필수","확인","예","예","공지 대상 확인 필요"
"dept-land","조경학전공","농업생명과학대학","notice-c4b1c79994bd","조경학전공 · 공지사항","학과·전공","필수","확인","예","예","공지 대상 확인 필요"
"dept-horti","원예과학과","농업생명과학대학","knu-academic","학교 학사공지","학교 공통","필수","확인","예","아니오",""
"dept-horti","원예과학과","농업생명과학대학","notice-e3a4a5455384","농업생명과학대학 · 공지사항","소속 대학","필수","확인","예","예","공지 대상 확인 필요"
"dept-horti","원예과학과","농업생명과학대학","notice-3834483dc081","원예과학과 · 공지사항","학과·전공","필수","확인","예","예","공지 대상 확인 필요"
"dept-biofiber","바이오섬유소재학과","농업생명과학대학","knu-academic","학교 학사공지","학교 공통","필수","확인","예","아니오",""
"dept-biofiber","바이오섬유소재학과","농업생명과학대학","notice-e3a4a5455384","농업생명과학대학 · 공지사항","소속 대학","필수","확인","예","예","공지 대상 확인 필요"
"dept-biofiber","바이오섬유소재학과","농업생명과학대학","notice-73ffa1763744","바이오섬유소재학과 · 공지사항","학과·전공","필수","확인","예","예","공지 대상 확인 필요"
"dept-acen","농업토목공학과","농업생명과학대학","knu-academic","학교 학사공지","학교 공통","필수","확인","예","아니오",""
"dept-acen","농업토목공학과","농업생명과학대학","notice-e3a4a5455384","농업생명과학대학 · 공지사항","소속 대학","필수","확인","예","예","공지 대상 확인 필요"
"dept-acen","농업토목공학과","농업생명과학대학","notice-12a353fc2eb8","농업토목공학과 · 공지사항","학과·전공","필수","확인","예","예","공지 대상 확인 필요"
"dept-bime","스마트생물산업기계공학과","농업생명과학대학","knu-academic","학교 학사공지","학교 공통","필수","확인","예","아니오",""
"dept-bime","스마트생물산업기계공학과","농업생명과학대학","notice-e3a4a5455384","농업생명과학대학 · 공지사항","소속 대학","필수","확인","예","예","공지 대상 확인 필요"
"dept-bime","스마트생물산업기계공학과","농업생명과학대학","notice-cc19e513d407","스마트생물산업기계공학과 · 공지사항","학과·전공","필수","확인","예","예","공지 대상 확인 필요"
"dept-frecon","식품자원경제학과","농업생명과학대학","knu-academic","학교 학사공지","학교 공통","필수","확인","예","아니오",""
"dept-frecon","식품자원경제학과","농업생명과학대학","notice-e3a4a5455384","농업생명과학대학 · 공지사항","소속 대학","필수","확인","예","예","공지 대상 확인 필요"
"dept-frecon","식품자원경제학과","농업생명과학대학","notice-6b16f01d1a75","식품자원경제학과 · 공지사항","학과·전공","필수","확인","예","예","공지 대상 확인 필요"
"dept-aifm","농산업학과","농업생명과학대학","knu-academic","학교 학사공지","학교 공통","필수","확인","예","아니오",""
"dept-aifm","농산업학과","농업생명과학대학","notice-dc7fc6a93fe8","농산업학과 · 공지사항","학과·전공","필수","확인","예","예","공지 대상 확인 필요"
"dept-aifm","농산업학과","농업생명과학대학","notice-e3a4a5455384","농업생명과학대학 · 공지사항","소속 대학","필수","확인","예","예","공지 대상 확인 필요"
"dept-agriculture-undeclared","농업생명과학대학 자율학부","농업생명과학대학","knu-academic","학교 학사공지","학교 공통","필수","확인","예","아니오",""
"dept-agriculture-undeclared","농업생명과학대학 자율학부","농업생명과학대학","notice-e3a4a5455384","농업생명과학대학 · 공지사항","소속 대학","필수","확인","예","예","공지 대상 확인 필요"
"dept-music","음악학과","예술대학","knu-academic","학교 학사공지","학교 공통","필수","확인","예","아니오",""
"dept-music","음악학과","예술대학","notice-74558916c320","음악학과 · 공지사항","학과·전공","필수","확인","예","예","공지 대상 확인 필요"
"dept-kmusic","국악학과","예술대학","knu-academic","학교 학사공지","학교 공통","필수","확인","예","아니오",""
"dept-kmusic","국악학과","예술대학","notice-f3ba4290e5dd","국악학과 · 공지사항","학과·전공","필수","확인","예","예","공지 대상 확인 필요"
"dept-arts","미술학과","예술대학","knu-academic","학교 학사공지","학교 공통","필수","확인","예","아니오",""
"dept-arts","미술학과","예술대학","notice-7e56cbeca2ee","미술학과 · 공지사항","학과·전공","필수","확인","예","예","공지 대상 확인 필요"
"dept-vcd","디자인학과","예술대학","knu-academic","학교 학사공지","학교 공통","필수","확인","예","아니오",""
"dept-vcd","디자인학과","예술대학","notice-750dff5618d4","디자인학과 · 학과공지","학과·전공","필수","확인","예","예","공지 대상 확인 필요"
"dept-edu","교육학과","사범대학","knu-academic","학교 학사공지","학교 공통","필수","확인","예","아니오",""
"dept-edu","교육학과","사범대학","notice-2ae1ca96e3de","사범대학 · 공지사항","소속 대학","필수","확인","예","예","공지 대상 확인 필요"
"dept-koredu","국어교육과","사범대학","knu-academic","학교 학사공지","학교 공통","필수","확인","예","아니오",""
"dept-koredu","국어교육과","사범대학","notice-ca78d3fd3c51","국어교육과 · 공지사항","학과·전공","필수","확인","예","예","공지 대상 확인 필요"
"dept-koredu","국어교육과","사범대학","notice-2ae1ca96e3de","사범대학 · 공지사항","소속 대학","필수","확인","예","예","공지 대상 확인 필요"
"dept-enged","영어교육과","사범대학","knu-academic","학교 학사공지","학교 공통","필수","확인","예","아니오",""
"dept-enged","영어교육과","사범대학","notice-2ae1ca96e3de","사범대학 · 공지사항","소속 대학","필수","확인","예","예","공지 대상 확인 필요"
"dept-enged","영어교육과","사범대학","notice-9c2e2dbd2980","영어교육과 · 공지사항","학과·전공","필수","확인","예","예","공지 대상 확인 필요"
"dept-european-education","유럽어교육학부","사범대학","knu-academic","학교 학사공지","학교 공통","필수","확인","예","아니오",""
"dept-european-education","유럽어교육학부","사범대학","notice-2ae1ca96e3de","사범대학 · 공지사항","소속 대학","필수","확인","예","예","공지 대상 확인 필요"
"dept-geredu","독어교육전공","사범대학","knu-academic","학교 학사공지","학교 공통","필수","확인","예","아니오",""
"dept-geredu","독어교육전공","사범대학","notice-683cb3e528ee","독어교육전공 · 공지사항","학과·전공","필수","확인","예","예","공지 대상 확인 필요 ; 학부 공통 공지가 아닌 전공별 게시판. 학부 선택 후 전공을 지정"
"dept-geredu","독어교육전공","사범대학","notice-2ae1ca96e3de","사범대학 · 공지사항","소속 대학","필수","확인","예","예","공지 대상 확인 필요"
"dept-fredu","불어교육전공(~2024학년)","사범대학","knu-academic","학교 학사공지","학교 공통","필수","확인","예","아니오",""
"dept-fredu","불어교육전공(~2024학년)","사범대학","notice-9b84b4adc47a","불어교육전공(~2024학년) · 공지사항","학과·전공","필수","확인","예","예","공지 대상 확인 필요"
"dept-fredu","불어교육전공(~2024학년)","사범대학","notice-2ae1ca96e3de","사범대학 · 공지사항","소속 대학","필수","확인","예","예","공지 대상 확인 필요"
"dept-hisedu","역사교육과","사범대학","knu-academic","학교 학사공지","학교 공통","필수","확인","예","아니오",""
"dept-hisedu","역사교육과","사범대학","notice-2ae1ca96e3de","사범대학 · 공지사항","소속 대학","필수","확인","예","예","공지 대상 확인 필요"
"dept-hisedu","역사교육과","사범대학","notice-848538cdce05","역사교육과 · 공지사항","학과·전공","필수","확인","예","예","공지 대상 확인 필요"
"dept-geoedu","지리교육과","사범대학","knu-academic","학교 학사공지","학교 공통","필수","확인","예","아니오",""
"dept-geoedu","지리교육과","사범대학","notice-2ae1ca96e3de","사범대학 · 공지사항","소속 대학","필수","확인","예","예","공지 대상 확인 필요"
"dept-geoedu","지리교육과","사범대학","notice-278455937509","지리교육과 · 공지사항","학과·전공","필수","확인","예","예","공지 대상 확인 필요"
"dept-ilsa","일반사회교육과","사범대학","knu-academic","학교 학사공지","학교 공통","필수","확인","예","아니오",""
"dept-ilsa","일반사회교육과","사범대학","notice-2ae1ca96e3de","사범대학 · 공지사항","소속 대학","필수","확인","예","예","공지 대상 확인 필요"
"dept-ilsa","일반사회교육과","사범대학","notice-614324804939","일반사회교육과 · 공지사항","학과·전공","필수","확인","예","예","공지 대상 확인 필요"
"dept-ethedu","윤리교육과","사범대학","knu-academic","학교 학사공지","학교 공통","필수","확인","예","아니오",""
"dept-ethedu","윤리교육과","사범대학","notice-2ae1ca96e3de","사범대학 · 공지사항","소속 대학","필수","확인","예","예","공지 대상 확인 필요"
"dept-ethedu","윤리교육과","사범대학","notice-a1540deb2a6f","윤리교육과 · 공지사항","학과·전공","필수","확인","예","예","공지 대상 확인 필요"
"dept-mathedu","수학교육과","사범대학","knu-academic","학교 학사공지","학교 공통","필수","확인","예","아니오",""
"dept-mathedu","수학교육과","사범대학","notice-2ae1ca96e3de","사범대학 · 공지사항","소속 대학","필수","확인","예","예","공지 대상 확인 필요"
"dept-mathedu","수학교육과","사범대학","notice-8666f6ab7bde","수학교육과 · 공지사항","학과·전공","필수","확인","예","예","공지 대상 확인 필요"
"dept-physed","물리교육과","사범대학","knu-academic","학교 학사공지","학교 공통","필수","확인","예","아니오",""
"dept-physed","물리교육과","사범대학","notice-ec96ad09ef78","물리교육과 · 공지사항","학과·전공","필수","확인","예","예","공지 대상 확인 필요"
"dept-physed","물리교육과","사범대학","notice-2ae1ca96e3de","사범대학 · 공지사항","소속 대학","필수","확인","예","예","공지 대상 확인 필요"
"dept-chemedu","화학교육과","사범대학","knu-academic","학교 학사공지","학교 공통","필수","확인","예","아니오",""
"dept-chemedu","화학교육과","사범대학","notice-2ae1ca96e3de","사범대학 · 공지사항","소속 대학","필수","확인","예","예","공지 대상 확인 필요"
"dept-chemedu","화학교육과","사범대학","notice-093d2d29fb09","화학교육과 · 공지사항","학과·전공","필수","확인","예","예","공지 대상 확인 필요"
"dept-bioedu","생물교육과","사범대학","knu-academic","학교 학사공지","학교 공통","필수","확인","예","아니오",""
"dept-bioedu","생물교육과","사범대학","notice-2ae1ca96e3de","사범대학 · 공지사항","소속 대학","필수","확인","예","예","공지 대상 확인 필요"
"dept-bioedu","생물교육과","사범대학","notice-afb535aeb941","생물교육과 · 공지사항","학과·전공","필수","확인","예","예","공지 대상 확인 필요"
"dept-earthed","지구과학교육과","사범대학","knu-academic","학교 학사공지","학교 공통","필수","확인","예","아니오",""
"dept-earthed","지구과학교육과","사범대학","notice-2ae1ca96e3de","사범대학 · 공지사항","소속 대학","필수","확인","예","예","공지 대상 확인 필요"
"dept-earthed","지구과학교육과","사범대학","notice-787893a88ff5","지구과학교육과 · 공지사항","학과·전공","필수","확인","예","예","공지 대상 확인 필요"
"dept-homeedu","가정교육과","사범대학","knu-academic","학교 학사공지","학교 공통","필수","확인","예","아니오",""
"dept-homeedu","가정교육과","사범대학","notice-7537783c05b0","가정교육과 · 학부 공지사항","학과·전공","필수","확인","예","아니오",""
"dept-homeedu","가정교육과","사범대학","notice-2ae1ca96e3de","사범대학 · 공지사항","소속 대학","필수","확인","예","예","공지 대상 확인 필요"
"dept-sport","체육교육과","사범대학","knu-academic","학교 학사공지","학교 공통","필수","확인","예","아니오",""
"dept-sport","체육교육과","사범대학","notice-2ae1ca96e3de","사범대학 · 공지사항","소속 대학","필수","확인","예","예","공지 대상 확인 필요"
"dept-sport","체육교육과","사범대학","notice-dd1ea15f1f4f","체육교육과 · 학부 공지사항","학과·전공","필수","확인","예","아니오",""
"dept-information-computer-education","정보·컴퓨터교육과","사범대학","knu-academic","학교 학사공지","학교 공통","필수","확인","예","아니오",""
"dept-information-computer-education","정보·컴퓨터교육과","사범대학","notice-2ae1ca96e3de","사범대학 · 공지사항","소속 대학","필수","확인","예","예","공지 대상 확인 필요"
"dept-information-computer-education","정보·컴퓨터교육과","사범대학","notice-1d6a78636180","정보·컴퓨터교육과 · 공지사항","학과·전공","필수","확인","예","예","공지 대상 확인 필요"
"dept-med","의학과","의과대학","knu-academic","학교 학사공지","학교 공통","필수","확인","예","아니오",""
"dept-med","의학과","의과대학","notice-a363da417a07","의학과 · 공지","소속 대학","필수","확인","예","예","파서 분류 확인 필요 ; 공지 대상 확인 필요"
"dept-med-2","의예과","의과대학","knu-academic","학교 학사공지","학교 공통","필수","확인","예","아니오",""
"dept-med-2","의예과","의과대학","notice-a363da417a07","의학과 · 공지","소속 대학","필수","확인","예","예","파서 분류 확인 필요 ; 공지 대상 확인 필요"
"dept-dent","치의학과","치과대학","knu-academic","학교 학사공지","학교 공통","필수","확인","예","아니오",""
"dept-dent","치의학과","치과대학","notice-7414782e7dbb","치의학과 · 공지사항","소속 대학","필수","확인","예","예","공지 대상 확인 필요"
"dept-dent-2","치의예과","치과대학","knu-academic","학교 학사공지","학교 공통","필수","확인","예","아니오",""
"dept-dent-2","치의예과","치과대학","notice-7414782e7dbb","치의학과 · 공지사항","소속 대학","필수","확인","예","예","공지 대상 확인 필요"
"dept-vet","수의학과","수의과대학","knu-academic","학교 학사공지","학교 공통","필수","확인","예","아니오",""
"dept-vet","수의학과","수의과대학","notice-4c132ad6150a","수의학과 · 공지사항","소속 대학","필수","확인","예","예","공지 대상 확인 필요"
"dept-vet-2","수의예과","수의과대학","knu-academic","학교 학사공지","학교 공통","필수","확인","예","아니오",""
"dept-vet-2","수의예과","수의과대학","notice-4c132ad6150a","수의학과 · 공지사항","소속 대학","필수","확인","예","예","공지 대상 확인 필요"
"dept-child","아동학부","생활과학대학","knu-academic","학교 학사공지","학교 공통","필수","확인","예","아니오",""
"dept-child","아동학부","생활과학대학","notice-fe8857afa2d4","생활과학대학 · 공지사항","소속 대학","필수","확인","예","예","공지 대상 확인 필요"
"dept-child","아동학부","생활과학대학","notice-97fffffebd44","아동학부 · 학부 공지사항","학과·전공","필수","확인","예","아니오",""
"dept-child-2","아동가족학전공","생활과학대학","knu-academic","학교 학사공지","학교 공통","필수","확인","예","아니오",""
"dept-child-2","아동가족학전공","생활과학대학","notice-fe8857afa2d4","생활과학대학 · 공지사항","소속 대학","필수","확인","예","예","공지 대상 확인 필요"
"dept-child-2","아동가족학전공","생활과학대학","notice-97fffffebd44","아동학부 · 학부 공지사항","학과·전공","필수","확인","예","아니오",""
"dept-child-3","아동학전공","생활과학대학","knu-academic","학교 학사공지","학교 공통","필수","확인","예","아니오",""
"dept-child-3","아동학전공","생활과학대학","notice-fe8857afa2d4","생활과학대학 · 공지사항","소속 대학","필수","확인","예","예","공지 대상 확인 필요"
"dept-child-3","아동학전공","생활과학대학","notice-97fffffebd44","아동학부 · 학부 공지사항","학과·전공","필수","확인","예","아니오",""
"dept-fashion","의류학과","생활과학대학","knu-academic","학교 학사공지","학교 공통","필수","확인","예","아니오",""
"dept-fashion","의류학과","생활과학대학","notice-fe8857afa2d4","생활과학대학 · 공지사항","소속 대학","필수","확인","예","예","공지 대상 확인 필요"
"dept-fashion","의류학과","생활과학대학","notice-ad22d5b4a9e9","의류학과 · 공지사항","학과·전공","필수","확인","예","예","공지 대상 확인 필요"
"dept-fsnu","식품영양학과","생활과학대학","knu-academic","학교 학사공지","학교 공통","필수","확인","예","아니오",""
"dept-fsnu","식품영양학과","생활과학대학","notice-fe8857afa2d4","생활과학대학 · 공지사항","소속 대학","필수","확인","예","예","공지 대상 확인 필요"
"dept-fsnu","식품영양학과","생활과학대학","notice-d5e75aa6b2da","식품영양학과 · 공지사항","학과·전공","필수","확인","예","예","공지 대상 확인 필요"
"dept-nurs","간호학과","간호대학","knu-academic","학교 학사공지","학교 공통","필수","확인","예","아니오",""
"dept-nurs","간호학과","간호대학","notice-56d213db968e","간호학과 · 공지사항","소속 대학","필수","확인","예","예","공지 대상 확인 필요"
"dept-nurs","간호학과","간호대학","notice-f5bf5684020e","간호학과 · 학부 공지사항","소속 대학","필수","확인","예","아니오",""
"dept-pharmacy","약학과","약학대학","knu-academic","학교 학사공지","학교 공통","필수","확인","예","아니오",""
"dept-pharmacy","약학과","약학대학","notice-9a2cb1c992c7","약학과 · 공지사항","소속 대학","필수","확인","예","예","공지 대상 확인 필요"
"dept-mobility","스마트모빌리티공학과","첨단기술융합대학","knu-academic","학교 학사공지","학교 공통","필수","확인","예","아니오",""
"dept-mobility","스마트모빌리티공학과","첨단기술융합대학","notice-f310e00db70c","스마트모빌리티공학과 · 공지사항","학과·전공","필수","확인","예","예","공지 대상 확인 필요"
"dept-mobility","스마트모빌리티공학과","첨단기술융합대학","notice-e187e9582e58","첨단기술융합대학 · 공지사항","소속 대학","필수","확인","예","예","공지 대상 확인 필요"
"dept-aerospace","우주공학부","첨단기술융합대학","knu-academic","학교 학사공지","학교 공통","필수","확인","예","아니오",""
"dept-aerospace","우주공학부","첨단기술융합대학","notice-f95f0e2ac40d","우주공학부 · 공지사항","학과·전공","필수","확인","예","예","공지 대상 확인 필요"
"dept-aerospace","우주공학부","첨단기술융합대학","notice-e187e9582e58","첨단기술융합대학 · 공지사항","소속 대학","필수","확인","예","예","공지 대상 확인 필요"
"dept-innopharm","혁신신약학과","첨단기술융합대학","knu-academic","학교 학사공지","학교 공통","필수","확인","예","아니오",""
"dept-innopharm","혁신신약학과","첨단기술융합대학","notice-e187e9582e58","첨단기술융합대학 · 공지사항","소속 대학","필수","확인","예","예","공지 대상 확인 필요"
"dept-innopharm","혁신신약학과","첨단기술융합대학","notice-b46aed7f6b0f","혁신신약학과 · 공지사항","학과·전공","필수","확인","예","예","공지 대상 확인 필요"
"dept-bst","의생명융합공학과","첨단기술융합대학","knu-academic","학교 학사공지","학교 공통","필수","확인","예","아니오",""
"dept-bst","의생명융합공학과","첨단기술융합대학","notice-e1ec1bf0eb87","의생명융합공학과 · 공지사항","학과·전공","필수","확인","예","예","공지 대상 확인 필요"
"dept-bst","의생명융합공학과","첨단기술융합대학","notice-e187e9582e58","첨단기술융합대학 · 공지사항","소속 대학","필수","확인","예","예","공지 대상 확인 필요"
"dept-robot","로봇공학과","첨단기술융합대학","knu-academic","학교 학사공지","학교 공통","필수","확인","예","아니오",""
"dept-robot","로봇공학과","첨단기술융합대학","notice-ddfc5b2ca163","로봇공학과 · 공지사항","학과·전공","필수","확인","예","예","공지 대상 확인 필요"
"dept-robot","로봇공학과","첨단기술융합대학","notice-e187e9582e58","첨단기술융합대학 · 공지사항","소속 대학","필수","확인","예","예","공지 대상 확인 필요"
"dept-atcad","첨단기술융합대학 자율학부1","첨단기술융합대학","knu-academic","학교 학사공지","학교 공통","필수","확인","예","아니오",""
"dept-atcad","첨단기술융합대학 자율학부1","첨단기술융합대학","notice-e187e9582e58","첨단기술융합대학 · 공지사항","소속 대학","필수","확인","예","예","공지 대상 확인 필요"
"dept-atcad","첨단기술융합대학 자율학부1","첨단기술융합대학","notice-afca571a7ef1","첨단기술융합대학 자율학부1 · 공지사항","학과·전공","필수","확인","예","예","공지 대상 확인 필요"
"dept-atcad-2","첨단기술융합대학 자율학부2","첨단기술융합대학","knu-academic","학교 학사공지","학교 공통","필수","확인","예","아니오",""
"dept-atcad-2","첨단기술융합대학 자율학부2","첨단기술융합대학","notice-e187e9582e58","첨단기술융합대학 · 공지사항","소속 대학","필수","확인","예","예","공지 대상 확인 필요"
"dept-atcad-2","첨단기술융합대학 자율학부2","첨단기술융합대학","notice-afca571a7ef1","첨단기술융합대학 자율학부1 · 공지사항","학과·전공","필수","확인","예","예","공지 대상 확인 필요"
"dept-aicollege","인공지능시스템학과","AI대학","knu-academic","학교 학사공지","학교 공통","필수","확인","예","아니오",""
"dept-aicollege","인공지능시스템학과","AI대학","notice-b34ee1a00417","인공지능시스템학과 · 공지사항","소속 대학","필수","확인","예","아니오",""
"dept-ai-computer","컴퓨터학부","AI대학","knu-academic","학교 학사공지","학교 공통","필수","확인","예","아니오",""
"dept-ai-computer","컴퓨터학부","AI대학","notice-b34ee1a00417","인공지능시스템학과 · 공지사항","소속 대학","필수","확인","예","아니오",""
"dept-aicollege-2","심화컴퓨팅전공","AI대학","knu-academic","학교 학사공지","학교 공통","필수","확인","예","아니오",""
"dept-aicollege-2","심화컴퓨팅전공","AI대학","notice-b34ee1a00417","인공지능시스템학과 · 공지사항","소속 대학","필수","확인","예","아니오",""
"dept-aicollege-3","첨단AI컴퓨팅전공","AI대학","knu-academic","학교 학사공지","학교 공통","필수","확인","예","아니오",""
"dept-aicollege-3","첨단AI컴퓨팅전공","AI대학","notice-b34ee1a00417","인공지능시스템학과 · 공지사항","소속 대학","필수","확인","예","아니오",""
"dept-aicollege-4","AI자율학부","AI대학","knu-academic","학교 학사공지","학교 공통","필수","확인","예","아니오",""
"dept-aicollege-4","AI자율학부","AI대학","notice-b34ee1a00417","인공지능시스템학과 · 공지사항","소속 대학","필수","확인","예","아니오",""
"dept-scplant","식물자원학과","생태환경대학","knu-academic","학교 학사공지","학교 공통","필수","확인","예","아니오",""
"dept-scplant","식물자원학과","생태환경대학","notice-3bb6de2335b3","생태환경대학 · 공지사항","소속 대학","필수","확인","예","예","공지 대상 확인 필요"
"dept-scplant","식물자원학과","생태환경대학","notice-aaa5e07a26eb","식물자원학과 · 공지사항","학과·전공","필수","확인","예","예","공지 대상 확인 필요"
"dept-forest","산림생태보호학과","생태환경대학","knu-academic","학교 학사공지","학교 공통","필수","확인","예","아니오",""
"dept-forest","산림생태보호학과","생태환경대학","notice-8b73f625639c","산림생태보호학과 · 공지사항","학과·전공","필수","확인","예","예","공지 대상 확인 필요"
"dept-forest","산림생태보호학과","생태환경대학","notice-3bb6de2335b3","생태환경대학 · 공지사항","소속 대학","필수","확인","예","예","공지 대상 확인 필요"
"dept-ento","곤충생명과학과","생태환경대학","knu-academic","학교 학사공지","학교 공통","필수","확인","예","아니오",""
"dept-ento","곤충생명과학과","생태환경대학","notice-8d0ba20b8a78","곤충생명과학과 · 공지사항","학과·전공","필수","확인","예","예","공지 대상 확인 필요"
"dept-ento","곤충생명과학과","생태환경대학","notice-3bb6de2335b3","생태환경대학 · 공지사항","소속 대학","필수","확인","예","예","공지 대상 확인 필요"
"dept-tour","관광학과","생태환경대학","knu-academic","학교 학사공지","학교 공통","필수","확인","예","아니오",""
"dept-tour","관광학과","생태환경대학","notice-eaa2bcd13c4a","관광학과 · 공지사항","학과·전공","필수","확인","예","예","공지 대상 확인 필요"
"dept-tour","관광학과","생태환경대학","notice-3bb6de2335b3","생태환경대학 · 공지사항","소속 대학","필수","확인","예","예","공지 대상 확인 필요"
"dept-physical-education","체육학부","생태환경대학","knu-academic","학교 학사공지","학교 공통","필수","확인","예","아니오",""
"dept-physical-education","체육학부","생태환경대학","notice-3bb6de2335b3","생태환경대학 · 공지사항","소속 대학","필수","확인","예","예","공지 대상 확인 필요"
"dept-physical-education","체육학부","생태환경대학","notice-dfce5afb9336","체육학부 · 공지사항","학과·전공","필수","확인","예","예","공지 대상 확인 필요"
"dept-dols","체육학전공","생태환경대학","knu-academic","학교 학사공지","학교 공통","필수","확인","예","아니오",""
"dept-dols","체육학전공","생태환경대학","notice-3bb6de2335b3","생태환경대학 · 공지사항","소속 대학","필수","확인","예","예","공지 대상 확인 필요"
"dept-dols","체육학전공","생태환경대학","notice-dfce5afb9336","체육학부 · 공지사항","학과·전공","필수","확인","예","예","공지 대상 확인 필요"
"dept-health-exercise","건강운동관리전공","생태환경대학","knu-academic","학교 학사공지","학교 공통","필수","확인","예","아니오",""
"dept-health-exercise","건강운동관리전공","생태환경대학","notice-3bb6de2335b3","생태환경대학 · 공지사항","소속 대학","필수","확인","예","예","공지 대상 확인 필요"
"dept-ani","축산학과","생태환경대학","knu-academic","학교 학사공지","학교 공통","필수","확인","예","아니오",""
"dept-ani","축산학과","생태환경대학","notice-3bb6de2335b3","생태환경대학 · 공지사항","소속 대학","필수","확인","예","예","공지 대상 확인 필요"
"dept-ani","축산학과","생태환경대학","notice-d6c272c6c7db","축산학과 · 공지사항","학과·전공","필수","확인","예","예","공지 대상 확인 필요"
"dept-anibiotech","동물생명공학과","생태환경대학","knu-academic","학교 학사공지","학교 공통","필수","확인","예","아니오",""
"dept-anibiotech","동물생명공학과","생태환경대학","notice-30f51dd33791","동물생명공학과 · 공지사항","학과·전공","필수","확인","예","예","공지 대상 확인 필요"
"dept-anibiotech","동물생명공학과","생태환경대학","notice-3bb6de2335b3","생태환경대학 · 공지사항","소속 대학","필수","확인","예","예","공지 대상 확인 필요"
"dept-axt","말/특수동물학과","생태환경대학","knu-academic","학교 학사공지","학교 공통","필수","확인","예","아니오",""
"dept-axt","말/특수동물학과","생태환경대학","notice-fe90b8f3beb7","말/특수동물학과 · 공지사항","학과·전공","필수","확인","예","예","공지 대상 확인 필요"
"dept-axt","말/특수동물학과","생태환경대학","notice-3bb6de2335b3","생태환경대학 · 공지사항","소속 대학","필수","확인","예","예","공지 대상 확인 필요"
"dept-disaster","건설방재공학과","과학기술대학","knu-academic","학교 학사공지","학교 공통","필수","확인","예","아니오",""
"dept-disaster","건설방재공학과","과학기술대학","notice-fd04b6b6208e","건설방재공학과 · 공지사항","학과·전공","필수","확인","예","예","공지 대상 확인 필요"
"dept-disaster","건설방재공학과","과학기술대학","notice-cd772685aa0f","과학기술대학 · 공지사항","소속 대학","필수","확인","예","예","공지 대상 확인 필요"
"dept-ue","환경안전공학과","과학기술대학","knu-academic","학교 학사공지","학교 공통","필수","확인","예","아니오",""
"dept-ue","환경안전공학과","과학기술대학","notice-cd772685aa0f","과학기술대학 · 공지사항","소속 대학","필수","확인","예","예","공지 대상 확인 필요"
"dept-ue","환경안전공학과","과학기술대학","notice-459a4805de72","환경안전공학과 · 공지사항","학과·전공","필수","확인","예","예","공지 대상 확인 필요"
"dept-pme","정밀기계공학과","과학기술대학","knu-academic","학교 학사공지","학교 공통","필수","확인","예","아니오",""
"dept-pme","정밀기계공학과","과학기술대학","notice-cd772685aa0f","과학기술대학 · 공지사항","소속 대학","필수","확인","예","예","공지 대상 확인 필요"
"dept-pme","정밀기계공학과","과학기술대학","notice-8b2d3f025a39","정밀기계공학과 · 공지사항","학과·전공","필수","확인","예","예","공지 대상 확인 필요"
"dept-auto","자동차공학과","과학기술대학","knu-academic","학교 학사공지","학교 공통","필수","확인","예","아니오",""
"dept-auto","자동차공학과","과학기술대학","notice-cd772685aa0f","과학기술대학 · 공지사항","소속 대학","필수","확인","예","예","공지 대상 확인 필요"
"dept-auto","자동차공학과","과학기술대학","notice-68d5f9aa762f","자동차공학과 · 공지사항","학과·전공","필수","확인","예","예","공지 대상 확인 필요"
"dept-se","소프트웨어학과","과학기술대학","knu-academic","학교 학사공지","학교 공통","필수","확인","예","아니오",""
"dept-se","소프트웨어학과","과학기술대학","notice-cd772685aa0f","과학기술대학 · 공지사항","소속 대학","필수","확인","예","예","공지 대상 확인 필요"
"dept-se","소프트웨어학과","과학기술대학","notice-2487b99aea65","소프트웨어학과 · 공지사항","학과·전공","필수","확인","예","예","공지 대상 확인 필요"
"dept-knu-amse","나노신소재공학과","과학기술대학","knu-academic","학교 학사공지","학교 공통","필수","확인","예","아니오",""
"dept-knu-amse","나노신소재공학과","과학기술대학","notice-cd772685aa0f","과학기술대학 · 공지사항","소속 대학","필수","확인","예","예","공지 대상 확인 필요"
"dept-knu-amse","나노신소재공학과","과학기술대학","notice-61c2fdac4b03","나노신소재공학과 · 공지사항","학과·전공","필수","확인","예","예","공지 대상 확인 필요"
"dept-ece","에너지화학공학과","과학기술대학","knu-academic","학교 학사공지","학교 공통","필수","확인","예","아니오",""
"dept-ece","에너지화학공학과","과학기술대학","notice-cd772685aa0f","과학기술대학 · 공지사항","소속 대학","필수","확인","예","예","공지 대상 확인 필요"
"dept-ece","에너지화학공학과","과학기술대학","notice-70d703a20086","에너지화학공학과 · 학과공지","학과·전공","필수","확인","예","예","공지 대상 확인 필요"
"dept-ffsi","식품외식산업학과","과학기술대학","knu-academic","학교 학사공지","학교 공통","필수","확인","예","아니오",""
"dept-ffsi","식품외식산업학과","과학기술대학","notice-cd772685aa0f","과학기술대학 · 공지사항","소속 대학","필수","확인","예","예","공지 대상 확인 필요"
"dept-ffsi","식품외식산업학과","과학기술대학","notice-99ea5018f469","식품외식산업학과 · 공지사항","학과·전공","필수","확인","예","예","공지 대상 확인 필요"
"dept-textile-fashion","섬유패션디자인학부","과학기술대학","knu-academic","학교 학사공지","학교 공통","필수","확인","예","아니오",""
"dept-textile-fashion","섬유패션디자인학부","과학기술대학","notice-cd772685aa0f","과학기술대학 · 공지사항","소속 대학","필수","확인","예","예","공지 대상 확인 필요"
"dept-textile","섬유공학전공","과학기술대학","knu-academic","학교 학사공지","학교 공통","필수","확인","예","아니오",""
"dept-textile","섬유공학전공","과학기술대학","notice-cd772685aa0f","과학기술대학 · 공지사항","소속 대학","필수","확인","예","예","공지 대상 확인 필요"
"dept-textile","섬유공학전공","과학기술대학","notice-0b9f7e3a61e0","섬유공학전공 · 공지사항","학과·전공","필수","확인","예","예","공지 대상 확인 필요 ; 학부 공통 공지가 아닌 전공별 게시판. 학부 선택 후 전공을 지정"
"dept-style","패션디자인전공","과학기술대학","knu-academic","학교 학사공지","학교 공통","필수","확인","예","아니오",""
"dept-style","패션디자인전공","과학기술대학","notice-cd772685aa0f","과학기술대학 · 공지사항","소속 대학","필수","확인","예","예","공지 대상 확인 필요"
"dept-style","패션디자인전공","과학기술대학","notice-9dbd1b2695c9","패션디자인전공 · 공지사항","학과·전공","필수","확인","예","예","공지 대상 확인 필요 ; 학부 공통 공지가 아닌 전공별 게시판. 학부 선택 후 전공을 지정"
"dept-lbis","위치정보시스템학과","과학기술대학","knu-academic","학교 학사공지","학교 공통","필수","확인","예","아니오",""
"dept-lbis","위치정보시스템학과","과학기술대학","notice-cd772685aa0f","과학기술대학 · 공지사항","소속 대학","필수","확인","예","예","공지 대상 확인 필요"
"dept-lbis","위치정보시스템학과","과학기술대학","notice-ef883ff42361","위치정보시스템학과 · 공지사항","학과·전공","필수","확인","예","예","공지 대상 확인 필요"
"dept-smartplant","스마트플랜트공학과","과학기술대학","knu-academic","학교 학사공지","학교 공통","필수","확인","예","아니오",""
"dept-smartplant","스마트플랜트공학과","과학기술대학","notice-cd772685aa0f","과학기술대학 · 공지사항","소속 대학","필수","확인","예","예","공지 대상 확인 필요"
"dept-smartplant","스마트플랜트공학과","과학기술대학","notice-b5c34881a6cc","스마트플랜트공학과 · 공지사항","학과·전공","필수","확인","예","예","공지 대상 확인 필요"
"dept-dehy","치위생학과","과학기술대학","knu-academic","학교 학사공지","학교 공통","필수","확인","예","아니오",""
"dept-dehy","치위생학과","과학기술대학","notice-cd772685aa0f","과학기술대학 · 공지사항","소속 대학","필수","확인","예","예","공지 대상 확인 필요"
"dept-puad","행정학부","행정학부","knu-academic","학교 학사공지","학교 공통","필수","확인","예","아니오",""
"dept-puad","행정학부","행정학부","notice-4a41e1328a3e","행정학부 · 공지사항","학과·전공","필수","확인","예","예","공지 대상 확인 필요"
"dept-udm","자율전공학부","자율전공학부","knu-academic","학교 학사공지","학교 공통","필수","확인","예","아니오",""
"dept-udm","자율전공학부","자율전공학부","notice-d1802616c625","자율전공학부 · 공지사항","학과·전공","필수","확인","예","예","공지 대상 확인 필요"
"dept-global-undeclared","글로벌자율학부","글로벌자율학부","knu-academic","학교 학사공지","학교 공통","필수","확인","예","아니오",""
"dept-engineer-2","공학 첨단자율학부","공과대학/농업생명과학대학","knu-academic","학교 학사공지","학교 공통","필수","확인","예","아니오",""
"dept-engineer-2","공학 첨단자율학부","공과대학/농업생명과학대학","notice-ab33c8b6f3d1","공과대학 자율학부 · 공지사항","소속 대학","필수","확인","예","예","공지 대상 확인 필요"
"dept-sofi","자율미래인재학부","자율미래인재학부","knu-academic","학교 학사공지","학교 공통","필수","확인","예","아니오",""
"dept-sofi","자율미래인재학부","자율미래인재학부","notice-9a0b59b2a2b4","자율미래인재학부 · 공지사항","학과·전공","필수","확인","예","예","공지 대상 확인 필요"
