"조직ID","구분","이름","소속대학","홈페이지","대표게시판","전공별게시판","게시판상태","운영확인","연결전공","사용자코멘트","조사메모","검토필요"
"college-humanities","단과대학","인문대학","인문대학","http://humanities.knu.ac.kr/","https://home.knu.ac.kr/HOME/humanities/sub.htm?nav_code=hum1623199741","","확인","","","","메뉴: 공지사항 ; URL의 /HOME/<site>/ 및 nav_code, CMS 메뉴/스킨 경로","아니오"
"dept-korean","학과·학부·전공","국어국문학과","인문대학","http://korean.knu.ac.kr/","https://home.knu.ac.kr/HOME/korean/sub.htm?nav_code=kor1657071357","","확인","","","","메뉴: 공지사항(학사) ; URL의 /HOME/<site>/ 및 nav_code, CMS 메뉴/스킨 경로","아니오"
"dept-english","학과·학부·전공","영어영문학과","인문대학","http://english.knu.ac.kr/","https://home.knu.ac.kr/HOME/english/sub.htm?nav_code=eng1621852173","","확인","","","","메뉴: 학부공지 ; URL의 /HOME/<site>/ 및 nav_code, CMS 메뉴/스킨 경로","아니오"
"dept-khistory","학과·학부·전공","사학과","인문대학","http://khistory.knu.ac.kr/","https://home.knu.ac.kr/HOME/history/sub.htm?nav_code=his1622521427","","확인","","","","메뉴: 공지사항(학부) ; URL의 /HOME/<site>/ 및 nav_code, CMS 메뉴/스킨 경로","아니오"
"dept-philosophy","학과·학부·전공","철학과","인문대학","http://philosophy.knu.ac.kr/","https://home.knu.ac.kr/HOME/philosophy/sub.htm?nav_code=phi1623391659","","확인","","","","메뉴: 학부 공지사항 ; URL의 /HOME/<site>/ 및 nav_code, CMS 메뉴/스킨 경로","아니오"
"dept-france","학과·학부·전공","불어불문학과","인문대학","http://france.knu.ac.kr/","https://home.knu.ac.kr/HOME/french/sub.htm?nav_code=fre1623147753","","확인","","","","메뉴: 공지사항 ; URL의 /HOME/<site>/ 및 nav_code, CMS 메뉴/스킨 경로","아니오"
"dept-german","학과·학부·전공","독어독문학과","인문대학","http://german.knu.ac.kr/","https://home.knu.ac.kr/HOME/german/sub.htm?nav_code=ger1623133982","","확인","","","","메뉴: 공지사항 ; URL의 /HOME/<site>/ 및 nav_code, CMS 메뉴/스킨 경로","아니오"
"dept-chinese","학과·학부·전공","중어중문학과","인문대학","http://chinese.knu.ac.kr/","https://chinese.knu.ac.kr/bbs/board.php?bo_table=notice","","확인","","","","메뉴: 공지사항 ; board.php?bo_table 또는 g5_ / 그누보드 표식","아니오"
"dept-aran","학과·학부·전공","고고인류학과","인문대학","http://aran.knu.ac.kr/","https://home.knu.ac.kr/HOME/aran/sub.htm?nav_code=ara1623718660","","확인","","","","메뉴: 학부공지 ; URL의 /HOME/<site>/ 및 nav_code, CMS 메뉴/스킨 경로","아니오"
"dept-japan","학과·학부·전공","일어일문학과","인문대학","http://japan.knu.ac.kr/","https://home.knu.ac.kr/HOME/japan/sub.htm?nav_code=jap1695016568","","확인","","","","메뉴: 공지사항 ; URL의 /HOME/<site>/ 및 nav_code, CMS 메뉴/스킨 경로","아니오"
"dept-hanmun","학과·학부·전공","한문학과","인문대학","http://hanmun.knu.ac.kr/","https://home.knu.ac.kr/HOME/hanmun/sub.htm?nav_code=han1624361542","","확인","","","","메뉴: 학부 공지사항 ; URL의 /HOME/<site>/ 및 nav_code, CMS 메뉴/스킨 경로","아니오"
"dept-knurussian","학과·학부·전공","노어노문학과","인문대학","https://knurussian.knu.ac.kr/","https://home.knu.ac.kr/HOME/knurussian/sub.htm?nav_code=knu1742773842","","확인","","","","메뉴: 학부 공지사항 ; URL의 /HOME/<site>/ 및 nav_code, CMS 메뉴/스킨 경로","아니오"
"dept-humanities-undeclared","학과·학부·전공","인문대학 자율학부","인문대학","https://hudm.knu.ac.kr/","https://home.knu.ac.kr/HOME/hum/sub.htm?nav_code=hum1741312301","","확인","","","","메뉴: 공지사항 ; URL의 /HOME/<site>/ 및 nav_code, CMS 메뉴/스킨 경로 ; 인문대학 홈페이지의 동일 이름 링크에서 보완","아니오"
"college-social","단과대학","사회과학대학","사회과학대학","http://social.knu.ac.kr/","https://home.knu.ac.kr/HOME/coss/sub.htm?nav_code=cos1623199778","","확인","","","","메뉴: 공지사항 ; URL의 /HOME/<site>/ 및 nav_code, CMS 메뉴/스킨 경로","아니오"
"dept-politics","학과·학부·전공","정치외교학과","사회과학대학","http://politics.knu.ac.kr/","https://home.knu.ac.kr/HOME/politics/sub.htm?nav_code=pol1614071864","","확인","","","","메뉴: 학부 공지사항 ; URL의 /HOME/<site>/ 및 nav_code, CMS 메뉴/스킨 경로","아니오"
"dept-socio","학과·학부·전공","사회학과","사회과학대학","http://socio.knu.ac.kr","https://home.knu.ac.kr/HOME/socio/sub.htm?nav_code=soc1622181477","","확인","","","","메뉴: 학부 공지사항 ; URL의 /HOME/<site>/ 및 nav_code, CMS 메뉴/스킨 경로","아니오"
"dept-geog","학과·학부·전공","지리학과","사회과학대학","http://geog.knu.ac.kr/","https://home.knu.ac.kr/HOME/geog/sub.htm?nav_code=geo1614082611","","확인","","","","메뉴: 학부 공지사항 ; URL의 /HOME/<site>/ 및 nav_code, CMS 메뉴/스킨 경로","아니오"
"dept-lis","학과·학부·전공","문헌정보학과","사회과학대학","http://lis.knu.ac.kr/","https://home.knu.ac.kr/HOME/lis/sub.htm?nav_code=lis1622460108","","확인","","","","메뉴: 학부공지사항 ; URL의 /HOME/<site>/ 및 nav_code, CMS 메뉴/스킨 경로","아니오"
"dept-psy","학과·학부·전공","심리학과","사회과학대학","http://psy.knu.ac.kr/","https://home.knu.ac.kr/HOME/psychology/sub.htm?nav_code=psy1614066241","","확인","","","","메뉴: 학부 공지사항 ; URL의 /HOME/<site>/ 및 nav_code, CMS 메뉴/스킨 경로","아니오"
"dept-knusw","학과·학부·전공","사회복지학부","사회과학대학","http://knusw.knu.ac.kr","https://home.knu.ac.kr/HOME/knusw/sub.htm?nav_code=knu1623026178","","확인","","","","메뉴: 학부 공지사항 ; URL의 /HOME/<site>/ 및 nav_code, CMS 메뉴/스킨 경로","아니오"
"dept-mediacomm","학과·학부·전공","미디어커뮤니케이션학과","사회과학대학","https://mediacomm.knu.ac.kr","https://home.knu.ac.kr/HOME/masscom/sub.htm?nav_code=mas1614079680","","확인","","","","메뉴: 학부 공지사항 ; URL의 /HOME/<site>/ 및 nav_code, CMS 메뉴/스킨 경로","아니오"
"dept-coss","학과·학부·전공","사회과학대학 자율학부","사회과학대학","https://home.knu.ac.kr/HOME/coss/sub.htm?nav_code=cos1740449397","https://home.knu.ac.kr/HOME/coss/sub.htm?nav_code=cos1623199778","","확인","","","","메뉴: 공지사항 ; URL의 /HOME/<site>/ 및 nav_code, CMS 메뉴/스킨 경로","아니오"
"college-cns","단과대학","자연과학대학","자연과학대학","http://cns.knu.ac.kr/","https://home.knu.ac.kr/HOME/cns/sub.htm?nav_code=cns1623199799","","확인","","","","메뉴: 공지사항 ; URL의 /HOME/<site>/ 및 nav_code, CMS 메뉴/스킨 경로","아니오"
"dept-math","학과·학부·전공","수학과","자연과학대학","http://math.knu.ac.kr/","https://home.knu.ac.kr/HOME/math/sub.htm?nav_code=mat1623029308","","확인","","","","메뉴: 공지사항 ; URL의 /HOME/<site>/ 및 nav_code, CMS 메뉴/스킨 경로","아니오"
"dept-physics","학과·학부·전공","물리학과","자연과학대학","http://physics.knu.ac.kr/","https://home.knu.ac.kr/HOME/physics/sub.htm?nav_code=phy1645592197","","확인","","","","메뉴: 공지사항 ; URL의 /HOME/<site>/ 및 nav_code, CMS 메뉴/스킨 경로","아니오"
"dept-chem","학과·학부·전공","화학과","자연과학대학","http://chem.knu.ac.kr/","https://home.knu.ac.kr/HOME/chem/sub.htm?nav_code=che1622521080","","확인","","","","메뉴: 공지사항 ; URL의 /HOME/<site>/ 및 nav_code, CMS 메뉴/스킨 경로","아니오"
"dept-bio","학과·학부·전공","생물학과","자연과학대학","http://bio.knu.ac.kr/","https://home.knu.ac.kr/HOME/bio/sub.htm?nav_code=bio1616117151","","확인","","","","메뉴: 공지사항 ; URL의 /HOME/<site>/ 및 nav_code, CMS 메뉴/스킨 경로","아니오"
"dept-biotech","학과·학부·전공","생명공학부","자연과학대학","http://biotech.knu.ac.kr/","http://biotech.knu.ac.kr/bbs/board.php?bo_table=sub6_1","","확인","","","","메뉴: 공지사항 ; board.php?bo_table 또는 g5_ / 그누보드 표식","아니오"
"dept-stat","학과·학부·전공","통계학과","자연과학대학","http://stat.knu.ac.kr/","https://home.knu.ac.kr/HOME/stat/sub.htm?nav_code=sta1623632390","","확인","","","","메뉴: 공지사항 ; URL의 /HOME/<site>/ 및 nav_code, CMS 메뉴/스킨 경로","아니오"
"dept-cns","학과·학부·전공","지구시스템과학부","자연과학대학","https://cns.knu.ac.kr/HOME/cns/sub.htm?nav_code=cns1623323232","https://cns.knu.ac.kr/HOME/cns/sub.htm?nav_code=cns1623199799","","확인","","","","메뉴: 공지사항 ; URL의 /HOME/<site>/ 및 nav_code, CMS 메뉴/스킨 경로 ; 공식 학부 링크는 자연과학대학 내부 소개 페이지이며 공지는 단과대학 게시판을 공유. 전공별 게시판은 별도 항목","아니오"
"dept-geology","학과·학부·전공","지질학전공","자연과학대학","http://geology.knu.ac.kr","https://home.knu.ac.kr/HOME/geology/sub.htm?nav_code=geo1621814864","","확인","","","","메뉴: 공지사항 ; URL의 /HOME/<site>/ 및 nav_code, CMS 메뉴/스킨 경로","아니오"
"dept-hanl","학과·학부·전공","천문대기과학전공","자연과학대학","http://hanl.knu.ac.kr/","https://home.knu.ac.kr/HOME/hanl/sub.htm?nav_code=han1769127610","","확인","","","","메뉴: 학과공지사항 ; URL의 /HOME/<site>/ 및 nav_code, CMS 메뉴/스킨 경로","아니오"
"dept-ocean","학과·학부·전공","해양학전공","자연과학대학","http://ocean.knu.ac.kr/","https://home.knu.ac.kr/HOME/ocean/sub.htm?nav_code=oce1623632597","","확인","","","","메뉴: 공지사항 ; URL의 /HOME/<site>/ 및 nav_code, CMS 메뉴/스킨 경로","아니오"
"dept-natural-sciences-undeclared","학과·학부·전공","자연과학대학 자율학부","자연과학대학","","","","주소 미확인","운영 여부 확인 필요","","없어진듯","공식 안내의 홈페이지 링크가 # 또는 누락. 독립 홈페이지/게시판 확인 불가 ; 사용자 메모: 없어진듯 ; 폐지 또는 모집 중단 여부는 공식 근거 미확인. 항목 삭제하지 않고 확인 대상으로 보존","예"
"college-cec","단과대학","경상대학","경상대학","http://cec.knu.ac.kr/","https://home.knu.ac.kr/HOME/CEBA/sub.htm?nav_code=CEB1748499674","","확인","","","","메뉴: 공지사항 ; URL의 /HOME/<site>/ 및 nav_code, CMS 메뉴/스킨 경로 ; HTML에 .board_list table 및 .list_nodata의 “등록된 내용이 없습니다.”가 존재. 실제 빈 목록이며 JS 렌더링/접근 실패 아님","아니오"
"dept-econ","학과·학부·전공","경제통상학부","경상대학","http://econ.knu.ac.kr/","https://home.knu.ac.kr/HOME/econ/sub.htm?nav_code=eco1623370509","","확인","","","","메뉴: 학부 공지사항 ; URL의 /HOME/<site>/ 및 nav_code, CMS 메뉴/스킨 경로","아니오"
"dept-biz","학과·학부·전공","경영학부","경상대학","http://biz.knu.ac.kr/","https://home.knu.ac.kr/HOME/kbiz/sub.htm?nav_code=kbi1623370557","","확인","","","","메뉴: 학부 공지사항 ; URL의 /HOME/<site>/ 및 nav_code, CMS 메뉴/스킨 경로","아니오"
"dept-biz-2","학과·학부·전공","경상대학 자율학부","경상대학","https://home.knu.ac.kr/HOME/biz/sub.htm?nav_code=biz1740126423","https://home.knu.ac.kr/HOME/biz/sub.htm?nav_code=biz1623200446","","확인","","","","메뉴: 공지사항 ; URL의 /HOME/<site>/ 및 nav_code, CMS 메뉴/스킨 경로 ; HTML에 .board_list table 및 .list_nodata의 “등록된 내용이 없습니다.”가 존재. 실제 빈 목록이며 JS 렌더링/접근 실패 아님","아니오"
"college-eng","단과대학","공과대학","공과대학","http://eng.knu.ac.kr/","https://home.knu.ac.kr/HOME/engineer/sub.htm?nav_code=eng1729076802","","확인","","","","메뉴: 공지사항 ; URL의 /HOME/<site>/ 및 nav_code, CMS 메뉴/스킨 경로","아니오"
"dept-metal","학과·학부·전공","금속재료공학과","공과대학","http://metal.knu.ac.kr/","https://home.knu.ac.kr/HOME/material/sub.htm?nav_code=mat1623632513","","확인","","","","메뉴: 공지사항 ; URL의 /HOME/<site>/ 및 nav_code, CMS 메뉴/스킨 경로","아니오"
"dept-mse","학과·학부·전공","신소재공학과","공과대학","https://mse.knu.ac.kr","https://home.knu.ac.kr/HOME/kremse/sub.htm?nav_code=kre1640045053","","확인","","","","메뉴: 공지사항 ; URL의 /HOME/<site>/ 및 nav_code, CMS 메뉴/스킨 경로","아니오"
"dept-me","학과·학부·전공","기계공학부","공과대학","http://me.knu.ac.kr/","https://home.knu.ac.kr/HOME/me/sub.htm?nav_code=me1623370438","","확인","","","","메뉴: 학부 공지사항 ; URL의 /HOME/<site>/ 및 nav_code, CMS 메뉴/스킨 경로","아니오"
"dept-me-2","학과·학부·전공","기계공학전공","공과대학","http://me.knu.ac.kr","https://home.knu.ac.kr/HOME/me/sub.htm?nav_code=me1623370438","","확인","","","","메뉴: 학부 공지사항 ; URL의 /HOME/<site>/ 및 nav_code, CMS 메뉴/스킨 경로","아니오"
"dept-me-3","학과·학부·전공","기계설계학전공","공과대학","http://me.knu.ac.kr/","https://home.knu.ac.kr/HOME/me/sub.htm?nav_code=me1623370438","","확인","","","","메뉴: 학부 공지사항 ; URL의 /HOME/<site>/ 및 nav_code, CMS 메뉴/스킨 경로 ; 전공에 독립 링크 없음; 공식 목록에서 상위 학부 홈페이지를 공유","아니오"
"dept-me-4","학과·학부·전공","로봇/자동화전공","공과대학","http://me.knu.ac.kr/","https://home.knu.ac.kr/HOME/me/sub.htm?nav_code=me1623370438","","확인","","","","메뉴: 학부 공지사항 ; URL의 /HOME/<site>/ 및 nav_code, CMS 메뉴/스킨 경로 ; 전공에 독립 링크 없음; 공식 목록에서 상위 학부 홈페이지를 공유","아니오"
"dept-architecture","학과·학부·전공","건축학부","공과대학","http://arch.knu.ac.kr/","https://home.knu.ac.kr/HOME/arch/sub.htm?nav_code=arc1623110358","","확인","","","","메뉴: 학년별공지사항 ; URL의 /HOME/<site>/ 및 nav_code, CMS 메뉴/스킨 경로 ; 공식 목록의 건축학·건축공학 전공이 동일 홈페이지를 명시; 학부 공동 홈페이지로 기록","아니오"
"dept-arch","학과·학부·전공","건축학전공","공과대학","http://arch.knu.ac.kr/","https://home.knu.ac.kr/HOME/arch/sub.htm?nav_code=arc1623110358","","확인","","","","메뉴: 학년별공지사항 ; URL의 /HOME/<site>/ 및 nav_code, CMS 메뉴/스킨 경로","아니오"
"dept-arch-2","학과·학부·전공","건축공학전공","공과대학","http://arch.knu.ac.kr/","https://home.knu.ac.kr/HOME/arch/sub.htm?nav_code=arc1623110358","","확인","","","","메뉴: 학년별공지사항 ; URL의 /HOME/<site>/ 및 nav_code, CMS 메뉴/스킨 경로","아니오"
"dept-civil","학과·학부·전공","토목공학과","공과대학","http://civil.knu.ac.kr/","https://home.knu.ac.kr/HOME/civil/sub.htm?nav_code=civ1614066197","","확인","","","","메뉴: 공지사항 ; URL의 /HOME/<site>/ 및 nav_code, CMS 메뉴/스킨 경로","아니오"
"dept-ce","학과·학부·전공","응용화학공학부","공과대학","https://ce.knu.ac.kr/","https://home.knu.ac.kr/HOME/knuce/sub.htm?nav_code=knu1762850029","","확인","","","","메뉴: 공지사항 ; URL의 /HOME/<site>/ 및 nav_code, CMS 메뉴/스킨 경로","아니오"
"dept-polymer","학과·학부·전공","고분자공학과","공과대학","http://polymer.knu.ac.kr/","https://home.knu.ac.kr/HOME/knupolymer/sub.htm?nav_code=knu1623888520","","확인","","","","메뉴: 학사 공지사항 ; URL의 /HOME/<site>/ 및 nav_code, CMS 메뉴/스킨 경로","아니오"
"dept-textile-eng","학과·학부·전공","섬유시스템공학과","공과대학","http://textile-eng.knu.ac.kr","https://home.knu.ac.kr/HOME/textileng/sub.htm?nav_code=tex1623029574","","확인","","","","메뉴: 학사 공지사항 ; URL의 /HOME/<site>/ 및 nav_code, CMS 메뉴/스킨 경로","아니오"
"dept-env","학과·학부·전공","환경공학과","공과대학","http://env.knu.ac.kr/","https://home.knu.ac.kr/HOME/env/sub.htm?nav_code=env1624500229","","확인","","","","메뉴: 학부 공지사항 ; URL의 /HOME/<site>/ 및 nav_code, CMS 메뉴/스킨 경로","아니오"
"dept-energy","학과·학부·전공","에너지공학부","공과대학","http://energy.knu.ac.kr/","https://home.knu.ac.kr/HOME/soee/sub.htm?nav_code=soe1622609908","","확인","","","","메뉴: 학부 공지사항 ; URL의 /HOME/<site>/ 및 nav_code, CMS 메뉴/스킨 경로","아니오"
"dept-energy-2","학과·학부·전공","신재생에너지전공","공과대학","http://energy.knu.ac.kr/","https://home.knu.ac.kr/HOME/soee/sub.htm?nav_code=soe1622609908","","확인","","","","메뉴: 학부 공지사항 ; URL의 /HOME/<site>/ 및 nav_code, CMS 메뉴/스킨 경로 ; 전공에 독립 링크 없음; 공식 목록에서 상위 학부 홈페이지를 공유","아니오"
"dept-energy-3","학과·학부·전공","에너지변환전공","공과대학","http://energy.knu.ac.kr/","https://home.knu.ac.kr/HOME/soee/sub.htm?nav_code=soe1622609908","","확인","","","","메뉴: 학부 공지사항 ; URL의 /HOME/<site>/ 및 nav_code, CMS 메뉴/스킨 경로 ; 전공에 독립 링크 없음; 공식 목록에서 상위 학부 홈페이지를 공유","아니오"
"dept-engineer","학과·학부·전공","공과대학 자율학부","공과대학","https://home.knu.ac.kr/HOME/engineer/sub.htm?nav_code=eng1741133212","https://home.knu.ac.kr/HOME/engineer/sub.htm?nav_code=eng1729076802","","확인","","","","메뉴: 공지사항 ; URL의 /HOME/<site>/ 및 nav_code, CMS 메뉴/스킨 경로","아니오"
"college-it","단과대학","IT대학","IT대학","https://it.knu.ac.kr","https://home.knu.ac.kr/HOME/it/sub.htm?nav_code=it1623310437","","확인","","","","메뉴: 게시판 ; URL의 /HOME/<site>/ 및 nav_code, CMS 메뉴/스킨 경로 ; 대표 주소는 공지라는 이름 대신 NEWS/게시판으로 운영. 자율학부 전용 학부 공지사항은 두 자율학부 항목에 별도로 기록","아니오"
"dept-see","학과·학부·전공","전자공학부","IT대학","http://see.knu.ac.kr/","https://see.knu.ac.kr/content/board/notice.html","","확인","","","","기존 전자공학부 조사/fixture 재사용. 재요청하지 않음 ; content/board/notice.html?pg=vv&fidx; BBS/gt_board","아니오"
"dept-see-2","학과·학부·전공","회로및임베디드시스템공학전공","IT대학","https://see.knu.ac.kr","https://see.knu.ac.kr/content/board/notice.html","","확인","","","","기존 전자공학부 조사/fixture 재사용. 재요청하지 않음 ; content/board/notice.html?pg=vv&fidx; BBS/gt_board","아니오"
"dept-see-3","학과·학부·전공","반도체및디스플레이공학전공","IT대학","https://see.knu.ac.kr","https://see.knu.ac.kr/content/board/notice.html","","확인","","","","기존 전자공학부 조사/fixture 재사용. 재요청하지 않음 ; content/board/notice.html?pg=vv&fidx; BBS/gt_board","아니오"
"dept-see-4","학과·학부·전공","멀티미디어및의공학전공","IT대학","https://see.knu.ac.kr","https://see.knu.ac.kr/content/board/notice.html","","확인","","","","기존 전자공학부 조사/fixture 재사용. 재요청하지 않음 ; content/board/notice.html?pg=vv&fidx; BBS/gt_board","아니오"
"dept-see-5","학과·학부·전공","전자파및광전자공학전공","IT대학","https://see.knu.ac.kr","https://see.knu.ac.kr/content/board/notice.html","","확인","","","","기존 전자공학부 조사/fixture 재사용. 재요청하지 않음 ; content/board/notice.html?pg=vv&fidx; BBS/gt_board","아니오"
"dept-see-6","학과·학부·전공","인공지능및신호처리전공","IT대학","https://see.knu.ac.kr","https://see.knu.ac.kr/content/board/notice.html","","확인","","","","기존 전자공학부 조사/fixture 재사용. 재요청하지 않음 ; content/board/notice.html?pg=vv&fidx; BBS/gt_board","아니오"
"dept-see-7","학과·학부·전공","정보통신공학전공","IT대학","https://see.knu.ac.kr","https://see.knu.ac.kr/content/board/notice.html","","확인","","","","기존 전자공학부 조사/fixture 재사용. 재요청하지 않음 ; content/board/notice.html?pg=vv&fidx; BBS/gt_board","아니오"
"dept-see-8","학과·학부·전공","지능시스템및제어공학전공","IT대학","https://see.knu.ac.kr","https://see.knu.ac.kr/content/board/notice.html","","확인","","","","기존 전자공학부 조사/fixture 재사용. 재요청하지 않음 ; content/board/notice.html?pg=vv&fidx; BBS/gt_board","아니오"
"dept-seeai","학과·학부·전공","전자공학부 인공지능전공","IT대학","https://seeai.knu.ac.kr/","https://home.knu.ac.kr/HOME/seeai/sub.htm?nav_code=see1667180581","","확인","","","","메뉴: 공지사항 ; URL의 /HOME/<site>/ 및 nav_code, CMS 메뉴/스킨 경로","아니오"
"dept-smobile","학과·학부·전공","전자공학부 모바일공학전공","IT대학","https://smobile.knu.ac.kr/","https://home.knu.ac.kr/HOME/smobile/sub.htm?nav_code=smo1616372729","","확인","","","","메뉴: 공지사항 ; URL의 /HOME/<site>/ 및 nav_code, CMS 메뉴/스킨 경로","아니오"
"dept-computer","학과·학부·전공","컴퓨터학부","IT대학","https://computer.knu.ac.kr/","https://computer.knu.ac.kr/bbs/board.php?bo_table=sub6_1_a&lang=kor","","확인","","","","메뉴: 학부 공지사항 ; board.php?bo_table 또는 g5_ / 그누보드 표식 ; script=https://computer.knu.ac.kr/js/motion.js?ver='.G5_JS_VER.'","아니오"
"dept-computer-2","학과·학부·전공","인공지능컴퓨팅전공","IT대학","https://computer.knu.ac.kr/","https://computer.knu.ac.kr/bbs/board.php?bo_table=sub6_1_a&lang=kor","","확인","","","","메뉴: 학부 공지사항 ; board.php?bo_table 또는 g5_ / 그누보드 표식 ; script=https://computer.knu.ac.kr/js/motion.js?ver='.G5_JS_VER.' ; 전공에 독립 링크 없음; 공식 목록에서 상위 학부 홈페이지를 공유","아니오"
"dept-computer-3","학과·학부·전공","심화컴퓨팅전공","IT대학","https://computer.knu.ac.kr/","https://computer.knu.ac.kr/bbs/board.php?bo_table=sub6_1_a&lang=kor","","확인","","","","메뉴: 학부 공지사항 ; board.php?bo_table 또는 g5_ / 그누보드 표식 ; script=https://computer.knu.ac.kr/js/motion.js?ver='.G5_JS_VER.' ; 전공에 독립 링크 없음; 공식 목록에서 상위 학부 홈페이지를 공유","아니오"
"dept-computer-4","학과·학부·전공","첨단컴퓨팅연구전공","IT대학","https://computer.knu.ac.kr/","https://computer.knu.ac.kr/bbs/board.php?bo_table=sub6_1_a&lang=kor","","확인","","","","메뉴: 학부 공지사항 ; board.php?bo_table 또는 g5_ / 그누보드 표식 ; script=https://computer.knu.ac.kr/js/motion.js?ver='.G5_JS_VER.' ; 전공에 독립 링크 없음; 공식 목록에서 상위 학부 홈페이지를 공유","아니오"
"dept-electric","학과·학부·전공","전기공학과","IT대학","http://electric.knu.ac.kr/","https://home.knu.ac.kr/HOME/electric/sub.htm?nav_code=ele1622787198","","확인","","","","메뉴: 공지사항 ; URL의 /HOME/<site>/ 및 nav_code, CMS 메뉴/스킨 경로","아니오"
"dept-it-undeclared","학과·학부·전공","IT대학 자율학부","IT대학","https://home.knu.ac.kr/HOME/it/sub.htm?nav_code=it1739940297","https://home.knu.ac.kr/HOME/it/sub.htm?nav_code=it1790050032","","확인","","","","메뉴: 학부 공지사항 ; URL의 /HOME/<site>/ 및 nav_code, CMS 메뉴/스킨 경로 ; IT대학에서 자율학부·IT 첨단자율학부 공동 소개와 학부 공지사항 링크 확인","아니오"
"dept-it-advanced-undeclared","학과·학부·전공","IT 첨단자율학부","IT대학","https://home.knu.ac.kr/HOME/it/sub.htm?nav_code=it1739940297","https://home.knu.ac.kr/HOME/it/sub.htm?nav_code=it1790050032","","확인","","","","메뉴: 학부 공지사항 ; URL의 /HOME/<site>/ 및 nav_code, CMS 메뉴/스킨 경로 ; IT대학에서 자율학부·IT 첨단자율학부 공동 소개와 학부 공지사항 링크 확인","아니오"
"college-cals","단과대학","농업생명과학대학","농업생명과학대학","http://cals.knu.ac.kr/","https://home.knu.ac.kr/HOME/cals/sub.htm?nav_code=cal1623200331","","확인","","","","메뉴: 공지사항 ; URL의 /HOME/<site>/ 및 nav_code, CMS 메뉴/스킨 경로","아니오"
"dept-abs","학과·학부·전공","응용생명과학부","농업생명과학대학","https://abs.knu.ac.kr","https://home.knu.ac.kr/HOME/appbio/sub.htm?nav_code=app1700444270","","확인","","","","메뉴: 공지사항 ; URL의 /HOME/<site>/ 및 nav_code, CMS 메뉴/스킨 경로","아니오"
"dept-pbs","학과·학부·전공","식물생명과학전공","농업생명과학대학","http://pbs.knu.ac.kr/","https://home.knu.ac.kr/HOME/pbs/sub.htm?nav_code=pbs1623632560","","확인","","","","메뉴: 공지사항 ; URL의 /HOME/<site>/ 및 nav_code, CMS 메뉴/스킨 경로","아니오"
"dept-kac","학과·학부·전공","환경생명화학전공","농업생명과학대학","http://kac.knu.ac.kr/","https://home.knu.ac.kr/HOME/kac/sub.htm?nav_code=kac1622609930","","확인","","","","메뉴: 공지사항 ; URL의 /HOME/<site>/ 및 nav_code, CMS 메뉴/스킨 경로","아니오"
"dept-plantmed","학과·학부·전공","식물의학과","농업생명과학대학","https://plantmed.knu.ac.kr/","https://home.knu.ac.kr/HOME/plantmed/sub.htm?nav_code=pla1677024917","","확인","","","","메뉴: 공지사항 ; URL의 /HOME/<site>/ 및 nav_code, CMS 메뉴/스킨 경로","아니오"
"dept-foodbio","학과·학부·전공","식품공학부","농업생명과학대학","http://foodbio.knu.ac.kr","https://home.knu.ac.kr/HOME/foodbio/sub.htm?nav_code=foo1623134098","","확인","","","","메뉴: 공지사항 ; URL의 /HOME/<site>/ 및 nav_code, CMS 메뉴/스킨 경로","아니오"
"dept-foodbiotechnology","학과·학부·전공","식품생물공학전공","농업생명과학대학","https://foodbiotechnology.knu.ac.kr/","https://home.knu.ac.kr/HOME/foodbiotechnology/sub.htm?nav_code=foo1619661320","","확인","","","","메뉴: 학부 공지사항 ; URL의 /HOME/<site>/ 및 nav_code, CMS 메뉴/스킨 경로","아니오"
"dept-foodbm","학과·학부·전공","식품소재공학전공","농업생명과학대학","https://foodbm.knu.ac.kr/","https://home.knu.ac.kr/HOME/foodbm/sub.htm?nav_code=foo1623888041","","확인","","","","메뉴: 공지사항 ; URL의 /HOME/<site>/ 및 nav_code, CMS 메뉴/스킨 경로","아니오"
"dept-foodbio-2","학과·학부·전공","식품응용공학전공","농업생명과학대학","https://foodbio.knu.ac.kr/HOME/foodbio/sub.htm?nav_code=foo1623151992","https://foodbio.knu.ac.kr/HOME/foodbio/sub.htm?nav_code=foo1623134098","","확인","","","","메뉴: 공지사항 ; URL의 /HOME/<site>/ 및 nav_code, CMS 메뉴/스킨 경로","아니오"
"dept-forest-landscape","학과·학부·전공","산림과학·조경학부","농업생명과학대학","http://forestry.knu.ac.kr/","https://home.knu.ac.kr/HOME/forest/sub.htm?nav_code=for1622521051","https://home.knu.ac.kr/HOME/forest/sub.htm?nav_code=for1622521051","확인","","임학전공 ; 임산공학전공 ; 조경학전공","","농업생명과학대학 학부 소개에서도 임학·임산공학·조경학 개별 전공으로 연결. 학부 공통 홈페이지·공통 게시판은 확인하지 못함 ; 사용자 제공 전공 게시판 연결. 학부 공통 게시판으로 단정하지 않음 ; 전공별로 나누어 선택하며 다른 전공의 공지를 모두 필수로 배정하지 않음 ; 제공 주소는 임학전공 공지. 임산공학·조경학은 기존 개별 전공 항목에서 확인","예"
"dept-forestry","학과·학부·전공","임학전공","농업생명과학대학","http://forestry.knu.ac.kr/","https://home.knu.ac.kr/HOME/forest/sub.htm?nav_code=for1622521051","","확인","","","","메뉴: 공지사항 ; URL의 /HOME/<site>/ 및 nav_code, CMS 메뉴/스킨 경로","아니오"
"dept-wood","학과·학부·전공","임산공학전공","농업생명과학대학","http://wood.knu.ac.kr","https://home.knu.ac.kr/HOME/treei/sub.htm?nav_code=tre1622610220","","확인","","","","메뉴: 공지사항 ; URL의 /HOME/<site>/ 및 nav_code, CMS 메뉴/스킨 경로","아니오"
"dept-land","학과·학부·전공","조경학전공","농업생명과학대학","http://land.knu.ac.kr/","https://home.knu.ac.kr/HOME/land/sub.htm?nav_code=lan1614079746","","확인","","","","메뉴: 공지사항 ; URL의 /HOME/<site>/ 및 nav_code, CMS 메뉴/스킨 경로","아니오"
"dept-horti","학과·학부·전공","원예과학과","농업생명과학대학","http://horti.knu.ac.kr","https://home.knu.ac.kr/HOME/horti/sub.htm?nav_code=hor1622609861","","확인","","","","메뉴: 공지사항 ; URL의 /HOME/<site>/ 및 nav_code, CMS 메뉴/스킨 경로","아니오"
"dept-biofiber","학과·학부·전공","바이오섬유소재학과","농업생명과학대학","http://biofiber.knu.ac.kr/","https://home.knu.ac.kr/HOME/biofiber/sub.htm?nav_code=bio1623029353","","확인","","","","메뉴: 공지사항 ; URL의 /HOME/<site>/ 및 nav_code, CMS 메뉴/스킨 경로","아니오"
"dept-acen","학과·학부·전공","농업토목공학과","농업생명과학대학","http://acen.knu.ac.kr/","https://home.knu.ac.kr/HOME/acen/sub.htm?nav_code=ace1622521462","","확인","","","","메뉴: 공지사항 ; URL의 /HOME/<site>/ 및 nav_code, CMS 메뉴/스킨 경로","아니오"
"dept-bime","학과·학부·전공","스마트생물산업기계공학과","농업생명과학대학","https://bime.knu.ac.kr/","https://home.knu.ac.kr/HOME/bime/sub.htm?nav_code=bim1622180687","","확인","","","","메뉴: 공지사항 ; URL의 /HOME/<site>/ 및 nav_code, CMS 메뉴/스킨 경로","아니오"
"dept-frecon","학과·학부·전공","식품자원경제학과","농업생명과학대학","https://frecon.knu.ac.kr/","https://home.knu.ac.kr/HOME/knuagec/sub.htm?nav_code=knu1623134126","","확인","","","","메뉴: 공지사항 ; URL의 /HOME/<site>/ 및 nav_code, CMS 메뉴/스킨 경로","아니오"
"dept-aifm","학과·학부·전공","농산업학과","농업생명과학대학","http://aifm.knu.ac.kr","https://home.knu.ac.kr/HOME/aifm/sub.htm?nav_code=aif1623029616","","확인","","","","메뉴: 공지사항 ; URL의 /HOME/<site>/ 및 nav_code, CMS 메뉴/스킨 경로","아니오"
"dept-agriculture-undeclared","학과·학부·전공","농업생명과학대학 자율학부","농업생명과학대학","","","","주소 미확인","운영 여부 확인 필요","","없어진듯","공식 안내의 홈페이지 링크가 # 또는 누락. 독립 홈페이지/게시판 확인 불가 ; 사용자 메모: 없어진듯 ; 폐지 또는 모집 중단 여부는 공식 근거 미확인. 항목 삭제하지 않고 확인 대상으로 보존","예"
"college-mvarts","단과대학","예술대학","예술대학","http://mvarts.knu.ac.kr/","https://home.knu.ac.kr/HOME/mvarts/sub.htm?nav_code=mva1623199842","","확인","","","","메뉴: 공지·홍보사항 ; URL의 /HOME/<site>/ 및 nav_code, CMS 메뉴/스킨 경로","아니오"
"dept-music","학과·학부·전공","음악학과","예술대학","http://music.knu.ac.kr/","https://home.knu.ac.kr/HOME/music/sub.htm?nav_code=mus1622610244","","확인","","","","메뉴: 공지사항 ; URL의 /HOME/<site>/ 및 nav_code, CMS 메뉴/스킨 경로","아니오"
"dept-kmusic","학과·학부·전공","국악학과","예술대학","http://kmusic.knu.ac.kr/","https://home.knu.ac.kr/HOME/kmusic/sub.htm?nav_code=kmu1622609949","","확인","","","","메뉴: 공지사항 ; URL의 /HOME/<site>/ 및 nav_code, CMS 메뉴/스킨 경로","아니오"
"dept-arts","학과·학부·전공","미술학과","예술대학","http://arts.knu.ac.kr","https://home.knu.ac.kr/HOME/arts/sub.htm?nav_code=art1623199694","","확인","","","","메뉴: 공지사항 ; URL의 /HOME/<site>/ 및 nav_code, CMS 메뉴/스킨 경로","아니오"
"dept-vcd","학과·학부·전공","디자인학과","예술대학","http://vcd.knu.ac.kr/","https://home.knu.ac.kr/HOME/vcd/sub.htm?nav_code=vcd1622551643","","확인","","","","메뉴: 학과공지 ; URL의 /HOME/<site>/ 및 nav_code, CMS 메뉴/스킨 경로","아니오"
"college-knutc","단과대학","사범대학","사범대학","http://knutc.knu.ac.kr/","https://home.knu.ac.kr/HOME/education/sub.htm?nav_code=edu1623200393","","확인","","","","메뉴: 공지사항 ; URL의 /HOME/<site>/ 및 nav_code, CMS 메뉴/스킨 경로","아니오"
"dept-edu","학과·학부·전공","교육학과","사범대학","http://edu.knu.ac.kr/","https://home.knu.ac.kr/HOME/edu/sub.htm?nav_code=edu1622181521","","확인","","","","메뉴: 대학원 공지사항 ; URL의 /HOME/<site>/ 및 nav_code, CMS 메뉴/스킨 경로","아니오"
"dept-koredu","학과·학부·전공","국어교육과","사범대학","http://koredu.knu.ac.kr/","https://home.knu.ac.kr/HOME/koredu/sub.htm?nav_code=kor1622459695","","확인","","","","메뉴: 공지사항 ; URL의 /HOME/<site>/ 및 nav_code, CMS 메뉴/스킨 경로","아니오"
"dept-enged","학과·학부·전공","영어교육과","사범대학","http://enged.knu.ac.kr/","https://home.knu.ac.kr/HOME/enged/sub.htm?nav_code=eng1622787290","","확인","","","","메뉴: 공지사항 ; URL의 /HOME/<site>/ 및 nav_code, CMS 메뉴/스킨 경로","아니오"
"dept-european-education","학과·학부·전공","유럽어교육학부","사범대학","http://geredu.knu.ac.kr/","https://home.knu.ac.kr/HOME/geredu/sub.htm?nav_code=ger1622609973","https://home.knu.ac.kr/HOME/geredu/sub.htm?nav_code=ger1622609973","확인","","독어교육전공 ; 불어교육전공(~2024학년)","","공식 목록에 학부 공동 홈페이지가 없음. 독어교육·불어교육은 별도 전공 항목으로 조사 ; 사용자 제공 전공 게시판 연결. 학부 공통 게시판으로 단정하지 않음 ; 전공별로 나누어 선택하며 다른 전공의 공지를 모두 필수로 배정하지 않음 ; 제공 주소는 독어교육전공 공지. 불어교육전공(~2024학년)은 기존 별도 항목 유지","예"
"dept-geredu","학과·학부·전공","독어교육전공","사범대학","http://geredu.knu.ac.kr/","https://home.knu.ac.kr/HOME/geredu/sub.htm?nav_code=ger1622609973","","확인","","","","메뉴: 공지사항 ; URL의 /HOME/<site>/ 및 nav_code, CMS 메뉴/스킨 경로","아니오"
"dept-fredu","학과·학부·전공","불어교육전공(~2024학년)","사범대학","http://fredu.knu.ac.kr/","https://home.knu.ac.kr/HOME/fredu/sub.htm?nav_code=fre1623134357","","확인","","","","메뉴: 공지사항 ; URL의 /HOME/<site>/ 및 nav_code, CMS 메뉴/스킨 경로","아니오"
"dept-hisedu","학과·학부·전공","역사교육과","사범대학","http://hisedu.knu.ac.kr/","https://home.knu.ac.kr/HOME/hisedu/sub.htm?nav_code=his1622459767","","확인","","","","메뉴: 공지사항 ; URL의 /HOME/<site>/ 및 nav_code, CMS 메뉴/스킨 경로","아니오"
"dept-geoedu","학과·학부·전공","지리교육과","사범대학","http://geoedu.knu.ac.kr/","https://home.knu.ac.kr/HOME/geoedu/sub.htm?nav_code=geo1623029261","","확인","","","","메뉴: 공지사항 ; URL의 /HOME/<site>/ 및 nav_code, CMS 메뉴/스킨 경로","아니오"
"dept-ilsa","학과·학부·전공","일반사회교육과","사범대학","http://ilsa.knu.ac.kr/","https://home.knu.ac.kr/HOME/ilsa/sub.htm?nav_code=ils1622609066","","확인","","","","메뉴: 공지사항 ; URL의 /HOME/<site>/ 및 nav_code, CMS 메뉴/스킨 경로","아니오"
"dept-ethedu","학과·학부·전공","윤리교육과","사범대학","http://ethedu.knu.ac.kr/","https://home.knu.ac.kr/HOME/ethedu/sub.htm?nav_code=eth1622460163","","확인","","","","메뉴: 공지사항 ; URL의 /HOME/<site>/ 및 nav_code, CMS 메뉴/스킨 경로","아니오"
"dept-mathedu","학과·학부·전공","수학교육과","사범대학","http://mathedu.knu.ac.kr/","https://home.knu.ac.kr/HOME/mathedu/sub.htm?nav_code=mat1623134407","","확인","","","","메뉴: 공지사항 ; URL의 /HOME/<site>/ 및 nav_code, CMS 메뉴/스킨 경로","아니오"
"dept-physed","학과·학부·전공","물리교육과","사범대학","http://physed.knu.ac.kr/","https://home.knu.ac.kr/HOME/physed/sub.htm?nav_code=phy1623371316","","확인","","","","메뉴: 공지사항 ; URL의 /HOME/<site>/ 및 nav_code, CMS 메뉴/스킨 경로","아니오"
"dept-chemedu","학과·학부·전공","화학교육과","사범대학","http://chemedu.knu.ac.kr/","https://home.knu.ac.kr/HOME/chedu/sub.htm?nav_code=che1623057663","","확인","","","","메뉴: 공지사항 ; URL의 /HOME/<site>/ 및 nav_code, CMS 메뉴/스킨 경로","아니오"
"dept-bioedu","학과·학부·전공","생물교육과","사범대학","http://bioedu.knu.ac.kr/","https://home.knu.ac.kr/HOME/bioedu/sub.htm?nav_code=bio1622460188","","확인","","","","메뉴: 공지사항 ; URL의 /HOME/<site>/ 및 nav_code, CMS 메뉴/스킨 경로","아니오"
"dept-earthed","학과·학부·전공","지구과학교육과","사범대학","http://earthed.knu.ac.kr/","https://home.knu.ac.kr/HOME/earth/sub.htm?nav_code=ear1622787840","","확인","","","","메뉴: 공지사항 ; URL의 /HOME/<site>/ 및 nav_code, CMS 메뉴/스킨 경로","아니오"
"dept-homeedu","학과·학부·전공","가정교육과","사범대학","http://homeedu.knu.ac.kr/","https://home.knu.ac.kr/HOME/homeedu/sub.htm?nav_code=hom1622521250","","확인","","","","메뉴: 학부 공지사항 ; URL의 /HOME/<site>/ 및 nav_code, CMS 메뉴/스킨 경로","아니오"
"dept-sport","학과·학부·전공","체육교육과","사범대학","http://sport.knu.ac.kr/","https://home.knu.ac.kr/HOME/spoedu/sub.htm?nav_code=spo1623029398","","확인","","","","메뉴: 학부 공지사항 ; URL의 /HOME/<site>/ 및 nav_code, CMS 메뉴/스킨 경로","아니오"
"dept-information-computer-education","학과·학부·전공","정보·컴퓨터교육과","사범대학","https://comedu.knu.ac.kr/","https://home.knu.ac.kr/HOME/comedu/sub.htm?nav_code=com1744781375","","확인","","","","메뉴: 공지사항 ; URL의 /HOME/<site>/ 및 nav_code, CMS 메뉴/스킨 경로 ; 사범대학 학과 소개 페이지의 명시적 홈페이지 링크에서 보완: https://home.knu.ac.kr/HOME/education/sub.htm?nav_code=edu1748406324","아니오"
"college-med","단과대학","의과대학","의과대학","http://med.knu.ac.kr/","http://med.knu.ac.kr/pages/sub.htm?nav_code=knu1670583748","","확인","","","","메뉴: 공지사항 ; 알려진 템플릿의 충분한 URL/HTML 표식 없음 ; pages/sub.htm?nav_code + mode=view&mv_data, table.table, ../js/common.js 및 ../js/menu.js 확인. generator 없음; KNU HOME CMS와 유사하나 동일 제품/버전으로 확정할 근거 부족","아니오"
"dept-med","학과·학부·전공","의학과","의과대학","http://med.knu.ac.kr/","http://med.knu.ac.kr/pages/sub.htm?nav_code=knu1670583748","","확인","","","","메뉴: 공지사항 ; 알려진 템플릿의 충분한 URL/HTML 표식 없음 ; pages/sub.htm?nav_code + mode=view&mv_data, table.table, ../js/common.js 및 ../js/menu.js 확인. generator 없음; KNU HOME CMS와 유사하나 동일 제품/버전으로 확정할 근거 부족","아니오"
"dept-med-2","학과·학부·전공","의예과","의과대학","http://med.knu.ac.kr/","http://med.knu.ac.kr/pages/sub.htm?nav_code=knu1670583748","","확인","","","","메뉴: 공지사항 ; 알려진 템플릿의 충분한 URL/HTML 표식 없음 ; pages/sub.htm?nav_code + mode=view&mv_data, table.table, ../js/common.js 및 ../js/menu.js 확인. generator 없음; KNU HOME CMS와 유사하나 동일 제품/버전으로 확정할 근거 부족","아니오"
"college-dent","단과대학","치과대학","치과대학","http://dent.knu.ac.kr/","https://dent.knu.ac.kr/sub/board.html?bid=k1news","","확인","","","","메뉴: 공지사항 ; board.html?bid + mode=cont&bno, table.boardtable, /board/_board_chk.js ; script=/board/_board_chk.js","아니오"
"dept-dent","학과·학부·전공","치의학과","치과대학","http://dent.knu.ac.kr/","https://dent.knu.ac.kr/sub/board.html?bid=k1news","","확인","","","","메뉴: 공지사항 ; board.html?bid + mode=cont&bno, table.boardtable, /board/_board_chk.js ; script=/board/_board_chk.js","아니오"
"dept-dent-2","학과·학부·전공","치의예과","치과대학","http://dent.knu.ac.kr/","https://dent.knu.ac.kr/sub/board.html?bid=k1news","","확인","","","","메뉴: 공지사항 ; board.html?bid + mode=cont&bno, table.boardtable, /board/_board_chk.js ; script=/board/_board_chk.js","아니오"
"college-vet","단과대학","수의과대학","수의과대학","http://vet.knu.ac.kr/","https://home.knu.ac.kr/HOME/veterinary/sub.htm?nav_code=vet1623200224","","확인","","","","메뉴: 공지사항 ; URL의 /HOME/<site>/ 및 nav_code, CMS 메뉴/스킨 경로","아니오"
"dept-vet","학과·학부·전공","수의학과","수의과대학","http://vet.knu.ac.kr/","https://home.knu.ac.kr/HOME/veterinary/sub.htm?nav_code=vet1623200224","","확인","","","","메뉴: 공지사항 ; URL의 /HOME/<site>/ 및 nav_code, CMS 메뉴/스킨 경로","아니오"
"dept-vet-2","학과·학부·전공","수의예과","수의과대학","http://vet.knu.ac.kr/","https://home.knu.ac.kr/HOME/veterinary/sub.htm?nav_code=vet1623200224","","확인","","","","메뉴: 공지사항 ; URL의 /HOME/<site>/ 및 nav_code, CMS 메뉴/스킨 경로","아니오"
"college-cohe","단과대학","생활과학대학","생활과학대학","http://cohe.knu.ac.kr/","https://home.knu.ac.kr/HOME/he/sub.htm?nav_code=he1623200306","","확인","","","","메뉴: 공지사항 ; URL의 /HOME/<site>/ 및 nav_code, CMS 메뉴/스킨 경로","아니오"
"dept-child","학과·학부·전공","아동학부","생활과학대학","http://child.knu.ac.kr","https://home.knu.ac.kr/HOME/knuchild/sub.htm?nav_code=knu1623370362","","확인","","","","메뉴: 학부 공지사항 ; URL의 /HOME/<site>/ 및 nav_code, CMS 메뉴/스킨 경로","아니오"
"dept-child-2","학과·학부·전공","아동가족학전공","생활과학대학","http://child.knu.ac.kr","https://home.knu.ac.kr/HOME/knuchild/sub.htm?nav_code=knu1623370362","","확인","","","","메뉴: 학부 공지사항 ; URL의 /HOME/<site>/ 및 nav_code, CMS 메뉴/스킨 경로","아니오"
"dept-child-3","학과·학부·전공","아동학전공","생활과학대학","http://child.knu.ac.kr","https://home.knu.ac.kr/HOME/knuchild/sub.htm?nav_code=knu1623370362","","확인","","","","메뉴: 학부 공지사항 ; URL의 /HOME/<site>/ 및 nav_code, CMS 메뉴/스킨 경로","아니오"
"dept-fashion","학과·학부·전공","의류학과","생활과학대학","http://fashion.knu.ac.kr/","https://home.knu.ac.kr/HOME/fashion/sub.htm?nav_code=fas1623134444","","확인","","","","메뉴: 공지사항 ; URL의 /HOME/<site>/ 및 nav_code, CMS 메뉴/스킨 경로","아니오"
"dept-fsnu","학과·학부·전공","식품영양학과","생활과학대학","http://fsnu.knu.ac.kr/","https://home.knu.ac.kr/HOME/fsnu/sub.htm?nav_code=fsn1622459812","","확인","","","","메뉴: 공지사항 ; URL의 /HOME/<site>/ 및 nav_code, CMS 메뉴/스킨 경로","아니오"
"college-nurs","단과대학","간호대학","간호대학","http://nurs.knu.ac.kr/","https://home.knu.ac.kr/HOME/nurse/sub.htm?nav_code=nur1624533185","","확인","","","","메뉴: 공지사항 ; URL의 /HOME/<site>/ 및 nav_code, CMS 메뉴/스킨 경로","아니오"
"dept-nurs","학과·학부·전공","간호학과","간호대학","http://nurs.knu.ac.kr/","https://home.knu.ac.kr/HOME/nurse/sub.htm?nav_code=nur1624533185","","확인","","","","메뉴: 공지사항 ; URL의 /HOME/<site>/ 및 nav_code, CMS 메뉴/스킨 경로","아니오"
"college-pharmacy","단과대학","약학대학","약학대학","http://pharmacy.knu.ac.kr/","https://home.knu.ac.kr/HOME/knupharmacy/sub.htm?nav_code=knu1623650948","","확인","","","","메뉴: 공지사항 ; URL의 /HOME/<site>/ 및 nav_code, CMS 메뉴/스킨 경로","아니오"
"dept-pharmacy","학과·학부·전공","약학과","약학대학","http://pharmacy.knu.ac.kr/","https://home.knu.ac.kr/HOME/knupharmacy/sub.htm?nav_code=knu1623650948","","확인","","","","메뉴: 공지사항 ; URL의 /HOME/<site>/ 및 nav_code, CMS 메뉴/스킨 경로","아니오"
"college-aist","단과대학","첨단기술융합대학","첨단기술융합대학","https://aist.knu.ac.kr","https://home.knu.ac.kr/HOME/knuatc/sub.htm?nav_code=knu1711976689","","확인","","","","메뉴: 공지사항 ; URL의 /HOME/<site>/ 및 nav_code, CMS 메뉴/스킨 경로","아니오"
"dept-mobility","학과·학부·전공","스마트모빌리티공학과","첨단기술융합대학","https://mobility.knu.ac.kr","https://home.knu.ac.kr/HOME/mobility/sub.htm?nav_code=mob1692863999","","확인","","","","메뉴: 공지사항 ; URL의 /HOME/<site>/ 및 nav_code, CMS 메뉴/스킨 경로","아니오"
"dept-aerospace","학과·학부·전공","우주공학부","첨단기술융합대학","https://home.knu.ac.kr/HOME/aerospace/","https://home.knu.ac.kr/HOME/aerospace/sub.htm?nav_code=aer1694412321","","확인","","","","메뉴: 공지사항 ; URL의 /HOME/<site>/ 및 nav_code, CMS 메뉴/스킨 경로","아니오"
"dept-innopharm","학과·학부·전공","혁신신약학과","첨단기술융합대학","https://innopharm.knu.ac.kr","https://home.knu.ac.kr/HOME/innopharm/sub.htm?nav_code=inn1706058584","","확인","","","","메뉴: 공지사항 ; URL의 /HOME/<site>/ 및 nav_code, CMS 메뉴/스킨 경로","아니오"
"dept-bst","학과·학부·전공","의생명융합공학과","첨단기술융합대학","https://bst.knu.ac.kr/","https://home.knu.ac.kr/HOME/bcst2/sub.htm?nav_code=bcs1611061294","","확인","","","","메뉴: 공지사항 ; URL의 /HOME/<site>/ 및 nav_code, CMS 메뉴/스킨 경로 ; script=http://newcms2.2ver.com/HOME/data/js/jquery.bxslider.min.js ; script=http://newcms2.2ver.com/js/jquery-ui-1.12.1.js ; script=http://newcms2.2ver.com/cmsware/js/bootstrap.min.js","아니오"
"dept-robot","학과·학부·전공","로봇공학과","첨단기술융합대학","https://robot.knu.ac.kr","https://home.knu.ac.kr/HOME/robot/sub.htm?nav_code=rob1623632307","","확인","","","","메뉴: 공지사항 ; URL의 /HOME/<site>/ 및 nav_code, CMS 메뉴/스킨 경로","아니오"
"dept-atcad","학과·학부·전공","첨단기술융합대학 자율학부1","첨단기술융합대학","https://atcad.knu.ac.kr/","https://home.knu.ac.kr/HOME/atcad/sub.htm?nav_code=atc1753746498","","확인","","","","메뉴: 공지사항 ; URL의 /HOME/<site>/ 및 nav_code, CMS 메뉴/스킨 경로","아니오"
"dept-atcad-2","학과·학부·전공","첨단기술융합대학 자율학부2","첨단기술융합대학","https://atcad.knu.ac.kr/","https://home.knu.ac.kr/HOME/atcad/sub.htm?nav_code=atc1753746498","","확인","","","","메뉴: 공지사항 ; URL의 /HOME/<site>/ 및 nav_code, CMS 메뉴/스킨 경로","아니오"
"college-aicollege","단과대학","AI대학","AI대학","http://aicollege.knu.ac.kr","https://aicollege.knu.ac.kr/bbs/board.php?bo_table=sub6_1_a&lang=kor","","확인","","","","공식 URL 실패, 반대 프로토콜 정상: https://aicollege.knu.ac.kr ; 메뉴: 학부 공지사항 ; board.php?bo_table 또는 g5_ / 그누보드 표식 ; script=https://aicollege.knu.ac.kr/js/motion.js?ver='.G5_JS_VER.'","아니오"
"dept-aicollege","학과·학부·전공","인공지능시스템학과","AI대학","http://aicollege.knu.ac.kr","https://aicollege.knu.ac.kr/bbs/board.php?bo_table=sub6_1_a&lang=kor","","확인","","","","공식 URL 실패, 반대 프로토콜 정상: https://aicollege.knu.ac.kr ; 메뉴: 학부 공지사항 ; board.php?bo_table 또는 g5_ / 그누보드 표식 ; script=https://aicollege.knu.ac.kr/js/motion.js?ver='.G5_JS_VER.'","아니오"
"dept-ai-computer","학과·학부·전공","컴퓨터학부","AI대학","http://aicollege.knu.ac.kr","https://aicollege.knu.ac.kr/bbs/board.php?bo_table=sub6_1_a&lang=kor","","확인","","","","공식 URL 실패, 반대 프로토콜 정상: https://aicollege.knu.ac.kr ; 메뉴: 학부 공지사항 ; board.php?bo_table 또는 g5_ / 그누보드 표식 ; script=https://aicollege.knu.ac.kr/js/motion.js?ver='.G5_JS_VER.' ; 공식 목록의 두 하위 전공이 AI대학 홈페이지를 명시하여 동일 주소로 기록","아니오"
"dept-aicollege-2","학과·학부·전공","심화컴퓨팅전공","AI대학","http://aicollege.knu.ac.kr","https://aicollege.knu.ac.kr/bbs/board.php?bo_table=sub6_1_a&lang=kor","","확인","","","","공식 URL 실패, 반대 프로토콜 정상: https://aicollege.knu.ac.kr ; 메뉴: 학부 공지사항 ; board.php?bo_table 또는 g5_ / 그누보드 표식 ; script=https://aicollege.knu.ac.kr/js/motion.js?ver='.G5_JS_VER.'","아니오"
"dept-aicollege-3","학과·학부·전공","첨단AI컴퓨팅전공","AI대학","http://aicollege.knu.ac.kr","https://aicollege.knu.ac.kr/bbs/board.php?bo_table=sub6_1_a&lang=kor","","확인","","","","공식 URL 실패, 반대 프로토콜 정상: https://aicollege.knu.ac.kr ; 메뉴: 학부 공지사항 ; board.php?bo_table 또는 g5_ / 그누보드 표식 ; script=https://aicollege.knu.ac.kr/js/motion.js?ver='.G5_JS_VER.'","아니오"
"dept-aicollege-4","학과·학부·전공","AI자율학부","AI대학","http://aicollege.knu.ac.kr","https://aicollege.knu.ac.kr/bbs/board.php?bo_table=sub6_1_a&lang=kor","","확인","","","","공식 URL 실패, 반대 프로토콜 정상: https://aicollege.knu.ac.kr ; 메뉴: 학부 공지사항 ; board.php?bo_table 또는 g5_ / 그누보드 표식 ; script=https://aicollege.knu.ac.kr/js/motion.js?ver='.G5_JS_VER.'","아니오"
"college-cee","단과대학","생태환경대학","생태환경대학","https://cee.knu.ac.kr/","https://home.knu.ac.kr/HOME/cee/sub.htm?nav_code=cee1623200416","","확인","","","","메뉴: 공지사항 ; URL의 /HOME/<site>/ 및 nav_code, CMS 메뉴/스킨 경로","아니오"
"dept-scplant","학과·학부·전공","식물자원학과","생태환경대학","https://scplant.knu.ac.kr","https://home.knu.ac.kr/HOME/scplant/sub.htm?nav_code=scp1622705079","","확인","","","","메뉴: 공지사항 ; URL의 /HOME/<site>/ 및 nav_code, CMS 메뉴/스킨 경로","아니오"
"dept-forest","학과·학부·전공","산림생태보호학과","생태환경대학","https://forest.knu.ac.kr","https://home.knu.ac.kr/HOME/fore/sub.htm?nav_code=for1622704960","","확인","","","","메뉴: 공지사항 ; URL의 /HOME/<site>/ 및 nav_code, CMS 메뉴/스킨 경로","아니오"
"dept-ento","학과·학부·전공","곤충생명과학과","생태환경대학","https://ento.knu.ac.kr","https://home.knu.ac.kr/HOME/ento/sub.htm?nav_code=ent1625131133","","확인","","","","메뉴: 공지사항 ; URL의 /HOME/<site>/ 및 nav_code, CMS 메뉴/스킨 경로","아니오"
"dept-tour","학과·학부·전공","관광학과","생태환경대학","https://tour.knu.ac.kr","https://home.knu.ac.kr/HOME/tour/sub.htm?nav_code=tou1616116950","","확인","","","","메뉴: 공지사항 ; URL의 /HOME/<site>/ 및 nav_code, CMS 메뉴/스킨 경로","아니오"
"dept-physical-education","학과·학부·전공","체육학부","생태환경대학","https://dols.knu.ac.kr","https://home.knu.ac.kr/HOME/sports/sub.htm?nav_code=spo1622609691","","확인","","","","메뉴: 공지사항 ; URL의 /HOME/<site>/ 및 nav_code, CMS 메뉴/스킨 경로 ; 공식 목록의 체육학부 하위 체육학전공 홈페이지를 공유","아니오"
"dept-dols","학과·학부·전공","체육학전공","생태환경대학","https://dols.knu.ac.kr","https://home.knu.ac.kr/HOME/sports/sub.htm?nav_code=spo1622609691","","확인","","","","메뉴: 공지사항 ; URL의 /HOME/<site>/ 및 nav_code, CMS 메뉴/스킨 경로","아니오"
"dept-health-exercise","학과·학부·전공","건강운동관리전공","생태환경대학","","","","주소 미확인","운영 여부 확인 필요","","없어진듯","공식 안내의 홈페이지 링크가 # 또는 누락. 독립 홈페이지/게시판 확인 불가 ; 사용자 메모: 없어진듯 ; 폐지 또는 모집 중단 여부는 공식 근거 미확인. 항목 삭제하지 않고 확인 대상으로 보존","예"
"dept-ani","학과·학부·전공","축산학과","생태환경대학","https://ani.knu.ac.kr","https://home.knu.ac.kr/HOME/zootechny/sub.htm?nav_code=zoo1622709676","","확인","","","","메뉴: 공지사항 ; URL의 /HOME/<site>/ 및 nav_code, CMS 메뉴/스킨 경로","아니오"
"dept-anibiotech","학과·학부·전공","동물생명공학과","생태환경대학","https://anibiotech.knu.ac.kr","https://home.knu.ac.kr/HOME/anibiotech/sub.htm?nav_code=ani1622629991","","확인","","","","메뉴: 공지사항 ; URL의 /HOME/<site>/ 및 nav_code, CMS 메뉴/스킨 경로","아니오"
"dept-axt","학과·학부·전공","말/특수동물학과","생태환경대학","https://axt.knu.ac.kr","https://home.knu.ac.kr/HOME/spanimal/sub.htm?nav_code=spa1622450979","","확인","","","","메뉴: 공지사항 ; URL의 /HOME/<site>/ 및 nav_code, CMS 메뉴/스킨 경로","아니오"
"college-cst","단과대학","과학기술대학","과학기술대학","http://cst.knu.ac.kr/","https://home.knu.ac.kr/HOME/cst/sub.htm?nav_code=cst1614760898","","확인","","","","메뉴: 공지사항 ; URL의 /HOME/<site>/ 및 nav_code, CMS 메뉴/스킨 경로","아니오"
"dept-disaster","학과·학부·전공","건설방재공학과","과학기술대학","https://disaster.knu.ac.kr/","https://home.knu.ac.kr/HOME/disaster/sub.htm?nav_code=dis1616717237","","확인","","","","메뉴: 공지사항 ; URL의 /HOME/<site>/ 및 nav_code, CMS 메뉴/스킨 경로","아니오"
"dept-ue","학과·학부·전공","환경안전공학과","과학기술대학","https://ue.knu.ac.kr/","https://home.knu.ac.kr/HOME/ue/sub.htm?nav_code=ue1616633942","","확인","","","","메뉴: 공지사항 ; URL의 /HOME/<site>/ 및 nav_code, CMS 메뉴/스킨 경로","아니오"
"dept-pme","학과·학부·전공","정밀기계공학과","과학기술대학","https://pme.knu.ac.kr","https://home.knu.ac.kr/HOME/pmeatknu/sub.htm?nav_code=pme1623030157","","확인","","","","메뉴: 공지사항 ; URL의 /HOME/<site>/ 및 nav_code, CMS 메뉴/스킨 경로","아니오"
"dept-auto","학과·학부·전공","자동차공학과","과학기술대학","https://auto.knu.ac.kr/","https://home.knu.ac.kr/HOME/automobile/sub.htm?nav_code=aut1623370299","","확인","","","","메뉴: 공지사항 ; URL의 /HOME/<site>/ 및 nav_code, CMS 메뉴/스킨 경로","아니오"
"dept-se","학과·학부·전공","소프트웨어학과","과학기술대학","https://se.knu.ac.kr/","https://home.knu.ac.kr/HOME/se/sub.htm?nav_code=se1617170620","","확인","","","","메뉴: 공지사항 ; URL의 /HOME/<site>/ 및 nav_code, CMS 메뉴/스킨 경로","아니오"
"dept-knu-amse","학과·학부·전공","나노신소재공학과","과학기술대학","https://knu-amse.knu.ac.kr/","https://home.knu.ac.kr/HOME/amse/sub.htm?nav_code=ams1622609715","","확인","","","","메뉴: 공지사항 ; URL의 /HOME/<site>/ 및 nav_code, CMS 메뉴/스킨 경로","아니오"
"dept-ece","학과·학부·전공","에너지화학공학과","과학기술대학","https://ece.knu.ac.kr/","https://home.knu.ac.kr/HOME/ece/sub.htm?nav_code=ece1704877202","","확인","","","","메뉴: 학과공지 ; URL의 /HOME/<site>/ 및 nav_code, CMS 메뉴/스킨 경로","아니오"
"dept-ffsi","학과·학부·전공","식품외식산업학과","과학기술대학","http://ffsi.knu.ac.kr/","https://home.knu.ac.kr/HOME/ffsi/sub.htm?nav_code=ffs1623133940","","확인","","","","메뉴: 공지사항 ; URL의 /HOME/<site>/ 및 nav_code, CMS 메뉴/스킨 경로","아니오"
"dept-textile-fashion","학과·학부·전공","섬유패션디자인학부","과학기술대학","","","https://home.knu.ac.kr/HOME/style/sub.htm?nav_code=sty1616635012 ; https://home.knu.ac.kr/HOME/textile/sub.htm?nav_code=tex1616634934","확인","","섬유공학전공 ; 패션디자인전공","학부에 전공이 2개였음. 2개를 나눠서 봐야할듯, 두개 다 넣어둠","사용자 제공 전공 게시판 연결. 학부 공통 게시판으로 단정하지 않음 ; 전공별로 나누어 선택하며 다른 전공의 공지를 모두 필수로 배정하지 않음 ; 섬유공학·패션디자인 2개 게시판을 각각 연결","예"
"dept-textile","학과·학부·전공","섬유공학전공","과학기술대학","https://textile.knu.ac.kr","https://home.knu.ac.kr/HOME/textile/sub.htm?nav_code=tex1616634934","","확인","","","","메뉴: 공지사항 ; URL의 /HOME/<site>/ 및 nav_code, CMS 메뉴/스킨 경로 ; 사용자 주소 대조: 기존 대표 tex1616743543은 대학원 공지. 게시판 일반 공지 tex1616634934로 수정","아니오"
"dept-style","학과·학부·전공","패션디자인전공","과학기술대학","https://style.knu.ac.kr/","https://home.knu.ac.kr/HOME/style/sub.htm?nav_code=sty1616635012","","확인","","","","메뉴: 공지사항 ; URL의 /HOME/<site>/ 및 nav_code, CMS 메뉴/스킨 경로","아니오"
"dept-lbis","학과·학부·전공","위치정보시스템학과","과학기술대학","https://lbis.knu.ac.kr/","https://home.knu.ac.kr/HOME/lbis/sub.htm?nav_code=lbi1661932979","","확인","","","","메뉴: 공지사항 ; URL의 /HOME/<site>/ 및 nav_code, CMS 메뉴/스킨 경로","아니오"
"dept-smartplant","학과·학부·전공","스마트플랜트공학과","과학기술대학","https://smartplant.knu.ac.kr/","https://home.knu.ac.kr/HOME/smartplant/sub.htm?nav_code=sma1653282097","","확인","","","","메뉴: 공지사항 ; URL의 /HOME/<site>/ 및 nav_code, CMS 메뉴/스킨 경로","아니오"
"dept-dehy","학과·학부·전공","치위생학과","과학기술대학","https://dehy.knu.ac.kr","https://home.knu.ac.kr/HOME/dehy/sub.htm?nav_code=deh1616664812","","확인","","","","메뉴: 공지사항 ; URL의 /HOME/<site>/ 및 nav_code, CMS 메뉴/스킨 경로","아니오"
"dept-puad","학과·학부·전공","행정학부","행정학부","https://puad.knu.ac.kr/","https://home.knu.ac.kr/HOME/puad/sub.htm?nav_code=pua1623029519","","확인","","","","메뉴: 공지사항 ; URL의 /HOME/<site>/ 및 nav_code, CMS 메뉴/스킨 경로","아니오"
"dept-udm","학과·학부·전공","자율전공학부","자율전공학부","https://udm.knu.ac.kr/","https://home.knu.ac.kr/HOME/udm/sub.htm?nav_code=udm1623371432","","확인","","","","메뉴: 공지사항 ; URL의 /HOME/<site>/ 및 nav_code, CMS 메뉴/스킨 경로","아니오"
"dept-global-undeclared","학과·학부·전공","글로벌자율학부","글로벌자율학부","","","","주소 미확인","운영 여부 확인 필요","","없어진듯","공식 안내의 홈페이지 링크가 # 또는 누락. 독립 홈페이지/게시판 확인 불가 ; 사용자 메모: 없어진듯 ; 폐지 또는 모집 중단 여부는 공식 근거 미확인. 항목 삭제하지 않고 확인 대상으로 보존","예"
"dept-engineer-2","학과·학부·전공","공학 첨단자율학부","공과대학/농업생명과학대학","https://home.knu.ac.kr/HOME/engineer/sub.htm?nav_code=eng1741133224","https://home.knu.ac.kr/HOME/engineer/sub.htm?nav_code=eng1729076802","","확인","","","","메뉴: 공지사항 ; URL의 /HOME/<site>/ 및 nav_code, CMS 메뉴/스킨 경로","아니오"
"dept-sofi","학과·학부·전공","자율미래인재학부","자율미래인재학부","https://sofi.knu.ac.kr","https://home.knu.ac.kr/HOME/sofi/sub.htm?nav_code=sof1741566884","","확인","","","","메뉴: 공지사항 ; URL의 /HOME/<site>/ 및 nav_code, CMS 메뉴/스킨 경로","아니오"
